title,text,ImageURL1,ImageURL2
–ú—É–∑–µ–π–Ω—ã–π –∫–æ–º–ø–ª–µ–∫—Å ¬´–¢–æ–ª–±—É—Ö–∏–Ω–æ¬ª,"–ê–≤—Ç–æ–±—É—Å–Ω—ã–µ üöå –º–Ω–æ–≥–æ–¥–Ω–µ–≤–Ω—ã–µ –∏ –æ–¥–Ω–æ–¥–Ω–µ–≤–Ω—ã–µ —ç–∫—Å–∫—É—Ä—Å–∏–∏ –≤ –º—É–∑–µ–∏ –Ø—Ä–æ—Å–ª–∞–≤–ª—è –ø—Ä–µ–¥–ª–∞–≥–∞–µ—Ç  –º—É–∑–µ–π–Ω–æ–µ –æ–±—ä–µ–¥–∏–Ω–µ–Ω–∏–µ ""–¢–æ–ª–±—É—Ö–∏–Ω–æ"" . –í–∞—Å –∂–¥–µ—Ç –Ω–µ–∑–∞–±—ã–≤–∞–µ–º–æ–µ –ø—Ä–∏–∫–ª—é—á–µ–Ω–∏–µ –≤ —É–¥–∏–≤–∏—Ç–µ–ª—å–Ω—ã–º –º–∏—Ä —Å—Ç–∞—Ä–∏–Ω—ã –æ—Ç –±—Ä–æ–Ω–∑–æ–≤–æ–≥–æ –≤–µ–∫–∞ –¥–æ –Ω–∞—à–∏—Ö –¥–Ω–µ–π. –ó–∞ 5 –ª–µ—Ç –≤ —Å–µ–ª–µ –¢–æ–ª–±—É—Ö–∏–Ω–æ üèò —Å–æ–∑–¥–∞–Ω  –º—É–∑–µ–π–Ω—ã–π –∫–æ–º–ø–ª–µ–∫—Å , –∫–æ—Ç–æ—Ä—ã–π –≤–æ—à–µ–ª –≤  –¢–û–ü-10  –∫—Ä—É–ø–Ω–µ–π—à–∏—Ö –º—É–∑–µ–π–Ω—ã—Ö –æ–±—ä–µ–¥–∏–Ω–µ–Ω–∏–π –†–æ—Å—Å–∏–∏. –ò—Å—Ç–æ—Ä–∏–∫–æ-–º—É–∑–µ–π–Ω—ã–π –∫–æ–º–ø–ª–µ–∫—Å  ¬´–¢–æ–ª–±—É—Ö–∏–Ω–æ¬ª  –æ–±—ä–µ–¥–∏–Ω—è–µ—Ç –º—É–∑–µ–π –º–∞—Ä—à–∞–ª–∞  –§. –ò. –¢–æ–ª–±—É—Ö–∏–Ω–∞ , –º–æ—Å–∫–æ–≤—Å–∫–∏–µ, –ø–µ—Ç–µ—Ä–±—É—Ä–≥—Å–∫–∏–µ, –≤–ª–∞–¥–∏–º–∏—Ä—Å–∫–∏–µ –∏ —è—Ä–æ—Å–ª–∞–≤—Å–∫–∏–µ üè£ –º—É–∑–µ–∏, –ø–µ—Ä–µ–µ—Ö–∞–≤—à–∏–µ –≤ —Å–µ–ª–æ –¢–æ–ª–±—É—Ö–∏–Ω–æ (24 –º—É–∑–µ—è), –∏ –∞—Ä—Ö–∏—Ç–µ–∫—Ç—É—Ä–Ω—ã–µ –ø–∞–º—è—Ç–Ω–∏–∫–∏: ¬´–ß–∞–π–Ω—ã–π –¥–æ–º¬ª –§—ë–¥–æ—Ä–∞ –ö–∏—Å–ª–æ–≤–∞, –¥–≤–æ—Ä–µ—Ü- —É—Å–∞–¥—å–±–∞  –ò–≤–∞–Ω–∞ –ö–∏—Å–ª–æ–≤–∞, —É—Å–∞–¥—å–±–∞ –§—ë–¥–æ—Ä–∞ –®–µ–ª–µ–ø–æ–≤–∞. –¢–∞–∫–∂–µ –ø—Ä–µ–¥—Å—Ç–∞–≤–ª–µ–Ω–∞ –∫–æ–º–ø–ª–µ–∫—Å–Ω–∞—è —ç–∫—Å–ø–æ–∑–∏—Ü–∏—è  —Ñ–∞—Ç—å—è–Ω–æ–≤—Å–∫–æ–π –∫—É–ª—å—Ç—É—Ä—ã : ¬´–°–≤—è—Ç–∏–ª–∏—â–µ –§–∞—Ç—å—è–Ω–æ–≤—Å–∫–∏—Ö –ø–ª–µ–º—ë–Ω¬ª, –º—É–∑–µ–π  –ë—Ä–æ–Ω–∑–æ–≤–æ–≥–æ –≤–µ–∫–∞ ,  –º–µ–≥–∞–ª–∏—Ç–∏—á–µ—Å–∫–∞—è  –æ–±—Å–µ—Ä–≤–∞—Ç–æ—Ä–∏—è ¬´–°—Ç–æ–ª–±—ã¬ª üóø –∏  –°–∏–Ω—å-–∫–∞–º–µ–Ω—å . –í —Ö–æ–¥–µ —ç–∫—Å–∫—É—Ä—Å–∏–π –ø–æ  –º—É–∑–µ—è–º üè£  , –∞ —ç—Ç–æ:  ¬´–ú—É–∑–µ–π –±—Ä–æ–Ω–∑–æ–≤–æ–≥–æ –≤–µ–∫–∞¬ª, –ú—É–∑–µ–π –ü–µ—Ç—Ä–∞ I, –ú—É–∑–µ–π —Å—Ç–∞—Ä–∏–Ω–Ω—ã—Ö –≥—Ä–∞–≤—é—Ä, –ú—É–∑–µ–π —Å–≤—è–∑–∏, –ú—É–∑–µ–π —Ñ–∞—Ä—Ñ–æ—Ä–∞, –ú—É–∑–µ–π —Ö—Ä—É—Å—Ç–∞–ª—è, –ú—É–∑–µ–π –º—É–∑—ã–∫–∏ üéª, –ú—É–∑–µ–π –º–æ–¥—ã –∏ –¥—Ä—É–≥–∏–µ. , —Å—Ç–∞—Ä–∏–Ω–Ω—ã–º —É–ª–∏—Ü–∞–º —Å–µ–ª–∞ –¢–æ–ª–±—É—Ö–∏–Ω–æ, –ø–æ—Å–µ—Ç–∏—Ç–µ–ª–∏ —É–∑–Ω–∞—é—Ç —É–Ω–∏–∫–∞–ª—å–Ω—É—é –∏—Å—Ç–æ—Ä–∏—á–µ—Å–∫—É—é –∏–Ω—Ñ–æ—Ä–º–∞—Ü–∏—é –æ –∑–Ω–∞–º–µ–Ω–∏—Ç–æ–π —Ñ–∞—Ç—å—è–Ω–æ–≤—Å–∫–æ–π –∫—É–ª—å—Ç—É—Ä–µ, —É–≤–∏–¥—è—Ç –∏ –ø–æ—Ç—Ä–æ–≥–∞—é—Ç —Ä—É–∫–∞–º–∏ üè∫ –ø–æ–¥–ª–∏–Ω–Ω—ã–µ –ø—Ä–µ–¥–º–µ—Ç—ã III —Ç—ã—Å—è—á–µ–ª–µ—Ç–∏—è –¥–æ –Ω.—ç., —É—Å–ª—ã—à–∞—Ç –∏—Å—Ç–æ—Ä–∏–∏ –æ –∫—Ä–µ—Å—Ç—å—è–Ω—Å–∫–æ–º –∏ –∫—É–ø–µ—á–µ—Å–∫–æ–º —Å–æ—Å–ª–æ–≤–∏–∏, –æ—Ç—Ö–æ–∂–∏—Ö –ø—Ä–æ–º—ã—Å–ª–∞—Ö –∫—É–∑–Ω–µ—á–Ω–æ–º –∏ –ª–µ–ø–Ω–æ–º –ø—Ä–æ–º—ã—Å–ª–µ, —à–≤–µ–π–Ω–æ–º –¥–µ–ª–µ –∏ –¥—Ä—É–≥–∏—Ö —Ä–µ–º–µ—Å–ª–∞—Ö –∂–∏—Ç–µ–ª–µ–π —Å–µ–ª–∞ –î–∞–≤—ã–¥–∫–æ–≤–æ (–Ω—ã–Ω–µ —Å–µ–ª–æ –¢–æ–ª–±—É—Ö–∏–Ω–æ) . –£–∑–Ω–∞—é—Ç —É–¥–∏–≤–∏—Ç–µ–ª—å–Ω—ã–µ –ª–µ–≥–µ–Ω–¥—ã –æ –ø–æ—Å–µ—â–µ–Ω–∏–∏ —ç—Ç–∏—Ö –º–µ—Å—Ç —Ü–∞—Ä–µ–º –ò–≤–∞–Ω–æ–º –ì—Ä–æ–∑–Ω—ã–º –∏ —Ü–∞—Ä–µ–º –ü–µ—Ç—Ä–æ–º –í–µ–ª–∏–∫–∏–º. –°–∞–º–æ —Å–µ–ª–æ –¢–æ–ª–±—É—Ö–∏–Ω–æ –Ω–∞—Ö–æ–¥–∏—Ç—Å—è –≤ –∑–∞–ø–æ–≤–µ–¥–Ω—ã—Ö –ª–µ—Å–∞—Ö üå≥üå≥ –≤–æ–∫—Ä—É–≥ –∂–∏–≤–æ–ø–∏—Å–Ω–æ–≥–æ –æ–∑–µ—Ä–∞ –¢–∞—Ä–∞—Å–æ–≤–æ. –î–æ —Å–∏—Ö –ø–æ—Ä –º–µ—Å—Ç–Ω—ã–µ –∂–∏—Ç–µ–ª–∏ –Ω–∞—Ö–æ–¥—è—Ç –≤ —Ä—É—á—å—è—Ö, –æ–≤—Ä–∞–≥–∞—Ö, –∫—É—Ä–≥–∞–Ω–∞—Ö –¥—Ä–µ–≤–Ω–∏–µ –º–æ–Ω–µ—Ç—ã, —Ä–æ—Å—Å—ã–ø–∏ –∫–µ—Ä–∞–º–∏–∫–∏, –Ω–∞–∫–æ–Ω–µ—á–Ω–∏–∫–∏ —Å—Ç—Ä–µ–ª üèπ, –∫–æ–ø–∏–π –ø–µ—Ä–∏–æ–¥–∞ –±—Ä–æ–Ω–∑–æ–≤–æ–≥–æ –≤–µ–∫–∞. –ü—Ä–æ–≥—Ä–∞–º–º–∞ —ç–∫—Å–∫—É—Ä—Å–∏–∏: üî∏ –§–∞–ª—å—è–Ω–æ–≤—Å–∫–∞—è —Ü–∏–≤–∏–ª–∏–∑–∞—Ü–∏—è. –£–Ω–∏–∫–∞–ª—å–Ω—ã–µ –∞—Ä—Ç–µ—Ñ–∞–∫—Ç—ã –∏ –Ω–∞—Ö–æ–¥–∫–∏; üî∏ –ø–æ—Å–µ—â–µ–Ω–∏–µ 25 —É–Ω–∏–∫–∞–ª—å–Ω—ã—Ö –º—É–∑–µ–µ–≤; üî∏ —ç–∫–æ—Ç—É—Ä–∏–∑–º ‚Äî –≤—Å–µ –æ—Ç —Ä—ã–±–∞–ª–∫–∏ –Ω–∞ –æ–∑–µ—Ä–µ –¥–æ —á–∞–µ–ø–∏—Ç–∏—è; üî∏ –∏–Ω—Ç–µ—Ä–∞–∫—Ç–∏–≤–Ω—ã–µ –ø—Ä–æ–≥—Ä–∞–º–º—ã; üî∏ —á–∞–µ–ø–∏—Ç–∏–µ. üß≠  –ì–¥–µ:  –Ø—Ä–æ—Å–ª–∞–≤—Å–∫–∞—è –æ–±–ª., –Ø—Ä–æ—Å–ª–∞–≤—Å–∫–∏–π —Ä–∞–π–æ–Ω, —Å. –¢–æ–ª–±—É—Ö–∏–Ω–æ, —É–ª. –°–æ–≤–µ—Ç—Å–∫–∞—è, –¥. 1; ‚åõ –ö–æ–≥–¥–∞:  –µ–∂–µ–¥–Ω–µ–≤–Ω–æ (—É—Ç–æ—á–Ω–∏—Ç—å –ø–æ üìû); ‚òé  –ö–æ–Ω—Ç–∞–∫—Ç—ã:  8-961-157-89-09, (4852) 79-57-92, 8-910-972-77-68 üí∞ –°—Ç–æ–∏–º–æ—Å—Ç—å:  1000 —Ä—É–±–ª–µ–π (–ü–æ—Å–µ—â–µ–Ω–∏–µ 19 –º—É–∑–µ–µ–≤ –∏–∑ 25, –±–æ–±—Ä–æ–≤–æ–π –ø–ª–æ—Ç–∏–Ω—ã, —Ä—É—Å—Å–∫–æ–µ —á–∞–µ–ø–∏—Ç–∏–µ —Å –¥–µ–≥—É—Å—Ç–∞—Ü–∏–µ–π ""–ò–≤–∞–Ω-—á–∞—è¬ª. –ü–µ–Ω—Å–∏–æ–Ω–µ—Ä–∞–º –∏ –¥–µ—Ç—è–º —Å–∫–∏–¥–∫–∞); üíª –°–∞–π—Ç:   https://muzei76.ru / üöå –ö–∞–∫ –¥–æ–±—Ä–∞—Ç—å—Å—è:  18 –∫–º –ø–æ —Ç—Ä–∞—Å—Å–µ –ú-8. –ü—Ä–æ–µ–∑–¥ –∞–≤—Ç–æ–±—É—Å–æ–º ‚Ññ 125 –ö–î–ü ¬´–ó–∞–≤–æ–ª–∂—å–µ¬ª (—É ¬´–ö–æ—Å–º–æ—Å–∞¬ª) –¥–æ –¢–æ–ª–±—É—Ö–∏–Ω–æ.",https://sun9-54.userapi.com/PiR7S02yOApl6o7TbYXW3FyJ1PIuNcrus4gpuA/rxbuM28Qhuc.jpg,https://sun9-61.userapi.com/3Rxpy72seE2PspE2ht17ezxTftgPR_tigz7Lmg/73egyIW1Jcg.jpg
–î–µ–º–∏–¥–æ–≤—Å–∫–∏–π —Å–∞–¥,"–î–µ–º–∏–¥–æ–≤—Å–∫–∏–π —Å–∞–¥  ‚Äî —Å–∫–≤–µ—Ä –≤ —Ü–µ–Ω—Ç—Ä–µ –≥–æ—Ä–æ–¥–∞ –Ø—Ä–æ—Å–ª–∞–≤–ª—è üåÜ, —Ä–∞—Å–ø–æ–ª–æ–∂–µ–Ω –Ω–∞  –ø–ª–æ—â–∞–¥–∏ –ß–µ–ª—é—Å–∫–∏–Ω—Ü–µ–≤  (–±—ã–≤—à–µ–π –ü–ª–∞—Ü–ø–∞—Ä–∞–¥–Ω–æ–π), –º–µ–∂–¥—É  –°–æ–≤–µ—Ç—Å–∫–æ–π –ø–ª–æ—â–∞–¥—å—é  –∏  –ü–æ—á—Ç–æ–≤–æ–π —É–ª–∏—Ü–µ–π . –ù–∞–∑–≤–∞–Ω –ø–æ –Ω–∞—Ö–æ–¥—è—â–µ–º—É—Å—è –≤ –µ–≥–æ —Ü–µ–Ω—Ç—Ä–µ  –î–µ–º–∏–¥–æ–≤—Å–∫–æ–º—É —Å—Ç–æ–ª–ø—É  üóº. –í—Ö–æ–¥–∏—Ç –≤ –ø–µ—Ä–µ—á–µ–Ω—å –æ—Å–æ–±–æ –æ—Ö—Ä–∞–Ω—è–µ–º—ã—Ö –ø—Ä–∏—Ä–æ–¥–Ω—ã—Ö —Ç–µ—Ä—Ä–∏—Ç–æ—Ä–∏–π –Ø—Ä–æ—Å–ª–∞–≤—Å–∫–æ–π –æ–±–ª–∞—Å—Ç–∏. –ü–ª–∞—Ü–ø–∞—Ä–∞–¥–Ω–∞—è –ø–ª–æ—â–∞–¥—å –ø–æ—è–≤–∏–ª–∞—Å—å –≤ 1778 –≥–æ–¥—É –≤—Å–ª–µ–¥—Å—Ç–≤–∏–µ –ø–µ—Ä–µ—Å—Ç—Ä–æ–π–∫–∏ —Ü–µ–Ω—Ç—Ä–∞ –Ø—Ä–æ—Å–ª–∞–≤–ª—è –ø–æ —Ä–µ–≥—É–ª—è—Ä–Ω–æ–º—É –ø–ª–∞–Ω—É. –û–Ω–∞ –±—ã–ª–∞ –ø—Ä–µ–¥–Ω–∞–∑–Ω–∞—á–µ–Ω–∞ –¥–ª—è –ø—Ä–æ–≤–µ–¥–µ–Ω–∏—è –≤–æ–µ–Ω–Ω—ã—Ö —Å–º–æ—Ç—Ä–æ–≤ –∏ –ø–∞—Ä–∞–¥–æ–≤. –í 1829 –≥–æ–¥—É –≤ —Ü–µ–Ω—Ç—Ä–µ –ø–ª–æ—â–∞–¥–∏ –±—ã–ª–∞ —É—Å—Ç–∞–Ω–æ–≤–ª–µ–Ω–∞ –ø–∞–º—è—Ç–Ω–∞—è –∫–æ–ª–æ–Ω–Ω–∞ üóº —á–µ—Å—Ç—å  –ü–∞–≤–ª–∞ –ì—Ä–∏–≥–æ—Ä—å–µ–≤–∏—á–∞ –î–µ–º–∏–¥–æ–≤–∞ , –æ—Å–Ω–æ–≤–∞—Ç–µ–ª—è  –ø–µ—Ä–≤–æ–≥–æ –≤—ã—Å—à–µ–≥–æ —É—á–µ–±–Ω–æ–≥–æ –∑–∞–≤–µ–¥–µ–Ω–∏—è –≤ –Ø—Ä–æ—Å–ª–∞–≤–ª–µ  ‚Äî  –Ø—Ä–æ—Å–ª–∞–≤—Å–∫–æ–µ –î–µ–º–∏–¥–æ–≤—Å–∫–æ–µ —É—á–∏–ª–∏—â–µ –≤—ã—Å—à–∏—Ö –Ω–∞—É–∫, –î–µ–º–∏–¥–æ–≤—Å–∫–∏–π —é—Ä–∏–¥–∏—á–µ—Å–∫–∏–π –ª–∏—Ü–µ–π, –î–µ–º–∏–¥–æ–≤—Å–∫–∏–π –ª–∏—Ü–µ–π  (—Å–æ–≤—Ä–µ–º–µ–Ω–Ω—ã–π  –Ø—Ä–æ—Å–ª–∞–≤—Å–∫–∏–π –≥–æ—Å—É–¥–∞—Ä—Å—Ç–≤–µ–Ω–Ω—ã–π —É–Ω–∏–≤–µ—Ä—Å–∏—Ç–µ—Ç –∏–º–µ–Ω–∏ –ü. –ì. –î–µ–º–∏–¥–æ–≤–∞  —Å—á–∏—Ç–∞–µ—Ç—Å—è –µ–≥–æ –ø—Ä–µ–µ–º–Ω–∏–∫–æ–º). –í 1885  –≥–æ—Ä–æ–¥—Å–∫–æ–π –≥–æ–ª–æ–≤–∞   –ò–≤–∞–Ω –ê–ª–µ–∫—Å–∞–Ω–¥—Ä–æ–≤–∏—á –í–∞—Ö—Ä–∞–º–µ–µ–≤  –Ω–∞ —Å–æ–±—Å—Ç–≤–µ–Ω–Ω—ã–µ —Å—Ä–µ–¥—Å—Ç–≤–∞ —Ä–∞–∑–±–∏–ª –Ω–∞ –ø–ª–æ—â–∞–¥–∏ —Å–∞–¥ üå≥. –ü–æ–Ω–∞—á–∞–ª—É —Å–∞–¥ –Ω–∞–∑—ã–≤–∞–ª—Å—è  –í–∞—Ö—Ä–∞–º–µ–µ–≤—Å–∫–∏–º , –æ–¥–Ω–∞–∫–æ –æ—Ñ–∏—Ü–∏–∞–ª—å–Ω–æ–µ –Ω–∞–∑–≤–∞–Ω–∏–µ –≤—Å–∫–æ—Ä–µ –≤—ã—Ç–µ—Å–Ω–∏–ª–æ—Å—å ¬´–Ω–∞—Ä–æ–¥–Ω—ã–º¬ª  –î–µ–º–∏–¥–æ–≤—Å–∫–∏–π , –ø–æ —Å—Ç–æ—è–≤—à–µ–º—É –≤ —Ü–µ–Ω—Ç—Ä–µ –ø–∞—Ä–∫–∞ —Å—Ç–æ–ª–ø—É.  –í —Å–∞–¥—É –±—ã–ª –æ–±—É—Å—Ç—Ä–æ–µ–Ω —Ñ–æ–Ω—Ç–∞–Ω ‚õ≤, —É–∫—Ä–∞—à–µ–Ω–Ω—ã–π —Ñ–∏–≥—É—Ä–æ–π –∞–∏—Å—Ç–∞ (–≤ —Å–æ–≤–µ—Ç—Å–∫–∏–µ –≥–æ–¥—ã –ø—Ç–∏—Ü—É —Å–º–µ–Ω–∏–ª –ë—É—Ä–∞—Ç–∏–Ω–æ, –∞ –∑–∞—Ç–µ–º ‚Äì —Å—Ñ–µ—Ä–∞ —Å —á–∞—à–∞–º–∏). –í 1918 –≥–æ–¥—É, –ø–æ—Å–ª–µ —É—Å—Ç–∞–Ω–æ–≤–ª–µ–Ω–∏—è —Å–æ–≤–µ—Ç—Å–∫–æ–π –≤–ª–∞—Å—Ç–∏, –ü–ª–∞—Ü–ø–∞—Ä–∞–¥–Ω–∞—è –ø–ª–æ—â–∞–¥—å –±—ã–ª–∞ –ø–µ—Ä–µ–∏–º–µ–Ω–æ–≤–∞–Ω–∞ –≤  –ø–ª–æ—â–∞–¥—å –ú–∏—Ä–∞ , –∞ –≥–ª–∞–≤–Ω–∞—è –∞–ª–ª–µ—è —Å–∞–¥–∞ –ø–µ—Ä–µ–∏–º–µ–Ω–æ–≤–∞–Ω–∞ –≤ –±—É–ª—å–≤–∞—Ä –ú–∏—Ä–∞. –í —Å–∞–¥—É –±—ã–ª —Å–æ–æ—Ä—É–∂—ë–Ω  –ø–∞–º—è—Ç–Ω–∏–∫ –±–æ–ª—å—à–µ–≤–∏–∫–∞–º , –∑–∞—Å—Ç—Ä–µ–ª–µ–Ω–Ω—ã–º –≤–æ –≤—Ä–µ–º—è –≤–æ—Å—Å—Ç–∞–Ω–∏—è. –í 1919 –≥–æ–¥—É —Ä—è–¥–æ–º —Å –ø–∞–º—è—Ç–Ω–∏–∫–æ–º –ø—Ä–æ–∏–∑–≤–æ–¥–∏–ª–∏—Å—å –∑–∞—Ö–æ—Ä–æ–Ω–µ–Ω–∏—è –∫—Ä–∞—Å–Ω–æ–∞—Ä–º–µ–π—Ü–µ–≤, –ø–æ–≥–∏–±—à–∏—Ö –ø—Ä–∏ –ø–æ–¥–∞–≤–ª–µ–Ω–∏–∏ –±—É–Ω—Ç–∞ –º–µ—Å—Ç–Ω—ã—Ö –∫—Ä–µ—Å—Ç—å—è–Ω. –í 1931 –≥–æ–¥—É  –î–µ–º–∏–¥–æ–≤—Å–∫–∏–π —Å—Ç–æ–ª–ø  –±—ã–ª —Ä–∞–∑—Ä—É—à–µ–Ω, –∞ —Å–∞–º —Å–∞–¥ –ø–µ—Ä–µ–∏–º–µ–Ω–æ–≤–∞–Ω –≤ ¬´—Å–∫–≤–µ—Ä –ë—Ä–∞—Ç—Å–∫–∏—Ö –º–æ–≥–∏–ª¬ª. –ù–æ –≤ 2005 –≥–æ–¥—É –±—ã–ª —É—Å–ø–µ—à–Ω–æ –≤–æ—Å—Å–æ–∑–¥–∞–Ω –∏ –ø–æ–ª—É—á–∏–ª —Å–≤–æ—ë –ø–µ—Ä–≤–æ–Ω–∞—á–∞–ª—å–Ω–æ–µ –Ω–∞–∑–≤–∞–Ω–∏–µ, –∫—Å—Ç–∞—Ç–∏, –Ω–æ–≤—ã–π –ø–∞–º—è—Ç–Ω–∏–∫ –∏–º–µ–µ—Ç 100% –∫–æ–ø–∏—é —Å—Ç–∞—Ä–æ–≥–æ –∏ —è–≤–ª—è–µ—Ç—Å—è —Å–∞–º—ã–º –≤—ã—Å–æ–∫–∏–º –º–æ–Ω—É–º–µ–Ω—Ç–æ–º –≥–æ—Ä–æ–¥–∞ –Ø—Ä–æ—Å–ª–∞–≤–ª—è. –ê —Å–∞–¥—É –±—ã–ª–æ –≤–æ–∑–≤—Ä–∞—â–µ–Ω–æ –∏—Å—Ç–æ—Ä–∏—á–µ—Å–∫–æ–µ –Ω–∞–∑–≤–∞–Ω–∏–µ. –î–µ–º–∏–¥–æ–≤—Å–∫–∏–π —Å–∞–¥ –≥–æ—Ç–æ–≤ –ø—Ä–∏–Ω—è—Ç—å —Å–≤–æ–∏—Ö –≥–æ—Å—Ç–µ–π –≤ –∞–±—Å–æ–ª—é—Ç–Ω–æ –ª—é–±–æ–µ –≤—Ä–µ–º—è, –Ω–µ–∑–∞–≤–∏—Å–∏–º–æ –æ—Ç –ø–æ–≥–æ–¥—ã –∏ –≤—Ä–µ–º–µ–Ω–∏ –≥–æ–¥–∞, –∏ –∫—Å—Ç–∞—Ç–∏, —Å–æ–≤–µ—Ä—à–µ–Ω–Ω–æ –±–µ—Å–ø–ª–∞—Ç–Ω–æ. üß≠  –ì–¥–µ:  –≥. –Ø—Ä–æ—Å–ª–∞–≤–ª—å, –±—É–ª—å–≤–∞—Ä –ú–∏—Ä–∞ ‚åõ –ö–æ–≥–¥–∞:  –µ–∂–µ–¥–Ω–µ–≤–Ω–æ üí∞ –°—Ç–æ–∏–º–æ—Å—Ç—å:  –±–µ—Å–ø–ª–∞—Ç–Ω–æ‚†Ä",https://sun9-75.userapi.com/n5FxUp0Zrp33ngo0wa6GZ4z8H9yvGNwvdTUasg/lVAyRsIxHyg.jpg,https://sun9-59.userapi.com/-s9GmJZjMH1r_ysZbszVEnDVTF1G6gflj_82MQ/n92E1AidmYA.jpg
–ú–£–ó–ï–ô –ü–û–ñ–ê–†–ù–û–ì–û –î–ï–õ–ê,"–ù–∞ –ú–æ—Å–∫–æ–≤—Å–∫–æ–º –ø—Ä–æ—Å–ø–µ–∫—Ç–µ –≤ –Ø—Ä–æ—Å–ª–∞–≤–ª–µ –Ω–∞—Ö–æ–¥–∏—Ç—Å—è –∑–¥–∞–Ω–∏–µ —É–Ω–∏–∫–∞–ª—å–Ω–æ–≥–æ  –ú—É–∑–µ—è –ø–æ–∂–∞—Ä–Ω–æ–≥–æ –¥–µ–ª–∞ üî• , –∫–æ—Ç–æ—Ä—ã–π –ø—Ä–∏–Ω–∞–¥–ª–µ–∂–∏—Ç –ì–ª–∞–≤–Ω–æ–º—É —É–ø—Ä–∞–≤–ª–µ–Ω–∏—é –ú–ß–° –†–æ—Å—Å–∏–∏ –ø–æ –Ø—Ä–æ—Å–ª–∞–≤—Å–∫–æ–π –æ–±–ª–∞—Å—Ç–∏. –ü–æ—è–≤–ª–µ–Ω–∏–µ —ç—Ç–æ–≥–æ –º—É–∑–µ—è —Å–≤—è–∑–∞–Ω–æ —Å —Ç–µ–º, —á—Ç–æ –≤ –¥—Ä–µ–≤–Ω–æ—Å—Ç–∏ –≥–æ—Ä–æ–¥ –Ø—Ä–æ—Å–ª–∞–≤–ª—å üåÜ –±—ã–ª –ø—Ä–∞–∫—Ç–∏—á–µ—Å–∫–∏ –≤–µ—Å—å —Å–¥–µ–ª–∞–Ω –∏–∑ –¥–µ—Ä–µ–≤–∞. –î–µ—Ä–µ–≤—è–Ω–Ω—ã–µ –¥–æ–º–∞, –º–æ—Å—Ç–∫–∏, –ø–µ—Ä–µ–∫–∏–Ω—É—Ç—ã–µ —á–µ—Ä–µ–∑ –∫–∞–Ω–∞–≤—ã –∏ —Ä—É—á—å–∏, –Ω–∞—Å—Ç–∏–ª—ã –≤–æ –¥–≤–æ—Ä–∞—Ö –∏ –Ω–∞ —É–ª–∏—Ü–∞—Ö ‚Äì –≤—Å—ë –±—ã–ª–æ –¥–µ—Ä–µ–≤—è–Ω–Ω—ã–º. –ü–æ—ç—Ç–æ–º—É –∏ –ø–æ–∂–∞—Ä—ã –≤ –≥–æ—Ä–æ–¥–µ –±—ã–ª–∏ —á–∞—Å—Ç—ã–º–∏ –≥–æ—Å—Ç—è–º–∏. –í 1658 –≥–æ–¥—É —Å–ª—É—á–∏–ª—Å—è –í–µ–ª–∏–∫–∏–π –ø–æ–∂–∞—Ä  üî• . –î–∏–æ—Ä–∞–º—É –º—É–∑–µ—è üè£ –¥–µ–º–æ–Ω—Å—Ç—Ä–∏—Ä—É—é—Ç –ø–æ—Å–µ—Ç–∏—Ç–µ–ª—è–º —Ç–∞–∫, —á—Ç–æ–±—ã –Ω–∞–∏–±–æ–ª–µ–µ –æ—Å—Ç—Ä–æ –ø–æ—á—É–≤—Å—Ç–≤–æ–≤–∞–ª—Å—è –≤–µ—Å—å —Ç—Ä–∞–≥–∏–∑–º –º–æ–º–µ–Ω—Ç–∞ –í–µ–ª–∏–∫–æ–≥–æ –ø–æ–∂–∞—Ä–∞. –ü—Ä–∏ –ø–æ–≥–∞—à–µ–Ω–Ω–æ–º —Å–≤–µ—Ç–µ –∏–∑-–∑–∞ –æ—Ç–∫—Ä—ã–≤–∞—é—â–∏—Ö—Å—è –∑–∞–Ω–∞–≤–µ—Å–µ–π –ø–æ—è–≤–ª—è–µ—Ç—Å—è –¥—Ä–µ–≤–Ω–∏–π –¥–µ—Ä–µ–≤—è–Ω–Ω—ã–π –≥–æ—Ä–æ–¥, –∫–æ—Ç–æ—Ä—ã–π –æ—Ö–≤–∞—á–µ–Ω –ø–ª–∞–º–µ–Ω–µ–º –æ—Ç –ú–µ–¥–≤–µ–∂—å–µ–≥–æ —Ä—É—á—å—è –¥–æ –ø–ª–æ—â–∞–¥–∏ –ë–æ–≥–æ—è–≤–ª–µ–Ω–∏—è, —Å—É—â–µ—Å—Ç–≤—É—é—â–µ–π –ø–æ–Ω—ã–Ω–µ. –°–≤–∏–¥–µ—Ç–µ–ª–∏ —Å—Ç—Ä–∞—à–Ω–æ–π –∫–∞—Ä—Ç–∏–Ω—ã —Ä–∞–∑—Ä—É—à–µ–Ω–∏—è —Å–ª—ã—à–∞—Ç –∑–≤–æ–Ω –∫–æ–ª–æ–∫–æ–ª–æ–≤, —Ç—Ä–µ—Å–∫ –¥–µ—Ä–µ–≤–∞. –ü–æ–∂–∞—Ä –ø–µ—Ä–µ—Ä–∞—Å—Ç–∞–µ—Ç –≤ –æ–≥–Ω–µ–Ω–Ω—É—é –±—É—Ä—é, –∫–æ—Ç–æ—Ä–∞—è —Ç–µ—á—ë—Ç –ø–æ —Å—Ç—Ä–æ–µ–Ω–∏—è–º, –æ—Ö–≤–∞—Ç—ã–≤–∞—è –≤—Å—ë –Ω–∞ —Å–≤–æ—ë–º –ø—É—Ç–∏, –Ω–µ —â–∞–¥—è –Ω–∏ –∏–∑–±, –Ω–∏ —Ö—Ä–∞–º–æ–≤. –ö–∞—Ç–∞—Å—Ç—Ä–æ—Ñ–∞ —Ä–∞–∑–≤–∏–ª–∞—Å—å –¥–æ —Ç–∞–∫–∏—Ö –º–∞—Å—à—Ç–∞–±–æ–≤, —á—Ç–æ –æ–≥–æ–Ω—å  üî•  –ø–µ—Ä–µ–±—Ä–∞–ª—Å—è —á–µ—Ä–µ–∑ –ö–æ—Ç–æ—Ä–æ—Å–ª—å, –∑–∞—Ö–≤–∞—Ç–∏–≤ –¢—Ä–æ–ø–∏–Ω—Å–∫—É—é —Å–ª–æ–±–æ–¥—É. –û–±—É–≥–ª–µ–Ω–Ω—ã–µ –±–∞—à–Ω–∏ –∏ –∫–∞–º–µ–Ω–Ω—ã–µ —Ü–µ—Ä–∫–≤–∏ ‚Äì –≤—Å—ë, —á—Ç–æ –æ—Å—Ç–∞–ª–æ—Å—å –æ—Ç –≥–æ—Ä–æ–¥–∞. 29 —Ö—Ä–∞–º–æ–≤, 3 –º–æ–Ω–∞—Å—Ç—ã—Ä—è, –¥—Ä–µ–≤–Ω—è—è –≥–æ—Ä–æ–¥—Å–∫–∞—è —Å—Ç–µ–Ω–∞, —Ç–æ—Ä–≥–æ–≤—ã–µ —Ä—è–¥—ã, –æ–∫–æ–ª–æ –ø–æ–ª—É—Ç–æ—Ä–∞ —Ç—ã—Å—è—á –¥–æ–º–æ–≤, –¥—Ä–µ–≤–Ω–∏–µ –∫–Ω–∏–≥–∏ –∏ —Ä—É–∫–æ–ø–∏—Å–∏. –û–≥–æ–Ω—å –ø–æ–≥–ª–æ—Ç–∏–ª –≤—Å—ë. –í –º—É–∑–µ–µ –Ω–∞–≥–ª—è–¥–Ω–æ –ø–æ–∫–∞–∑—ã–≤–∞–µ—Ç—Å—è, –∫–∞–∫ —Ä–∞–∑–≤–∏–≤–∞–ª–∞—Å—å –ø–æ–∂–∞—Ä–Ω–∞—è —Å–ª—É–∂–±–∞ üöí –Ω–∞ –ø—Ä–æ—Ç—è–∂–µ–Ω–∏–∏ –¥–≤—É—Ö –≤–µ–∫–æ–≤. –ó–¥–µ—Å—å –ø—Ä–µ–¥—Å—Ç–∞–≤–ª–µ–Ω—ã –ø–µ—Ä–≤—ã–µ –Ω–∞—Å–æ—Å—ã, –∫–æ—Ç–æ—Ä—ã–µ –º–æ–∂–Ω–æ –ø–æ—Ç—Ä–æ–≥–∞—Ç—å —Ä—É–∫–∞–º–∏ –∏ —Ä–∞–∑–Ω–æ–æ–±—Ä–∞–∑–Ω–æ–µ –æ–±–æ—Ä—É–¥–æ–≤–∞–Ω–∏–µ, –≤ —Ç–æ–º —á–∏—Å–ª–µ –∏ —Å–æ–≤—Ä–µ–º–µ–Ω–Ω–æ–µ. –ù–µ–±–æ–ª—å—à–∏–µ —ç–∫—Å–ø–æ–∑–∏—Ü–∏–∏ –ø–æ—Å–≤—è—â–µ–Ω—ã –≤—ã–¥–∞—é—â–∏–º—Å—è –ª—é–¥—è–º, —Ç—Ä—É–¥–∏–≤—à–∏–º—Å—è –≤ –¥–∞–Ω–Ω–æ–π –æ—Ç—Ä–∞—Å–ª–∏ –≤ –Ø—Ä–æ—Å–ª–∞–≤–ª–µ üåÜ. –¢–∞–∫–∂–µ –º—É–∑–µ–π –≤—ã–ø–æ–ª–Ω—è–µ—Ç –≤–æ—Å–ø–∏—Ç–∞—Ç–µ–ª—å–Ω—É—é —Ñ—É–Ω–∫—Ü–∏—é, –¥–µ–º–æ–Ω—Å—Ç—Ä–∏—Ä—É—è —Ç–æ, –∫–∞–∫ –ø—Ä–æ—Å—Ç–æ –∂–∏–ª–∞—è –∫–≤–∞—Ä—Ç–∏—Ä–∞ –º–æ–∂–µ—Ç –±—ã—Ç—å –æ—Ö–≤–∞—á–µ–Ω–∞ –ø–æ–∂–∞—Ä–æ–º –∏ —á—Ç–æ –æ—Ç –Ω–µ—ë –ø–æ—Ç–æ–º –æ—Å—Ç–∞–Ω–µ—Ç—Å—è. –í –º—É–∑–µ–µ –ø—Ä–µ–¥—Å—Ç–∞–≤–ª–µ–Ω—ã —Ç—Ä–∏ –ø—Ä–æ—Å—Ç–æ—Ä–Ω—ã—Ö –∑–∞–ª–∞: üîπ –ì–µ—Ä–æ–∏—á–µ—Å–∫–∏–π –∑–∞–ª: —Ä—è–¥–æ–º —Å –≥–µ—Ä–æ—è–º–∏ –∏—Å—Ç–æ—Ä–∏–∏ –Ø—Ä–æ—Å–ª–∞–≤–ª—è –í.–ì–∏–ª—è—Ä–æ–≤—Å–∫–∏–º –∏ –í.–ú–∞—Ä–∏–Ω—ã–º –Ω–∞—à–ª–∏ —Å–≤–æ—ë –º–µ—Å—Ç–æ –≥–µ—Ä–æ–∏ —Å–æ–≤—Ä–µ–º–µ–Ω–Ω–æ—Å—Ç–∏. –í. –¢–∞—Ä–∞—Å–æ–≤, –ê. –®–∞—Ç–æ—Ö–∏–Ω, –ï. –Ø–∫–æ–≤–ª–µ–≤ ‚Äì –æ–Ω–∏ –ø–æ–∂–µ—Ä—Ç–≤–æ–≤–∞–ª–∏ —Å–≤–æ–∏–º–∏ –∂–∏–∑–Ω—è–º–∏ –≤–æ –∏–º—è —Å–ø–∞—Å–µ–Ω–∏—è –ª—é–¥–µ–π –ø—Ä–∏ —Ç—É—à–µ–Ω–∏–∏ –ø–æ–∂–∞—Ä–æ–≤ –≤ –Ø—Ä–æ—Å–ª–∞–≤—Å–∫–æ–π –æ–±–ª–∞—Å—Ç–∏. –ó–¥–µ—Å—å —Å–æ–±—Ä–∞–Ω—ã –º–∞—Ç–µ—Ä–∏–∞–ª—ã –∏ —Ñ–æ—Ç–æ–≥—Ä–∞—Ñ–∏–∏, –ø–æ–≤–µ—Å—Ç–≤—É—é—â–∏–µ –æ –ø–æ–¥–≤–∏–≥–∞—Ö —ç—Ç–∏—Ö –ª—é–¥–µ–π. –ú–æ–ª–æ–¥—ã–µ –ø–æ–∂–∞—Ä–Ω—ã–µ –∏–º–µ–Ω–Ω–æ –≤ —ç—Ç–æ–º –∑–∞–ª–µ –ø—Ä–∏–Ω–æ—Å—è—Ç –ø—Ä–∏—Å—è–≥—É –≤–µ—Ä–Ω–æ—Å—Ç–∏ –ø—Ä–æ—Ñ–µ—Å—Å–∏–∏, –∫–æ—Ç–æ—Ä—É—é –∏–∑–±—Ä–∞–ª–∏; üîπ –°–æ–≤—Ä–µ–º–µ–Ω–Ω—ã–π –∑–∞–ª: –ø—Ä–µ–¥—Å—Ç–∞–≤–ª–µ–Ω–æ —Å–æ–≤—Ä–µ–º–µ–Ω–Ω–æ–µ –ø–æ–∂–∞—Ä–Ω–æ–µ –∏ —Å–ø–∞—Å–∞—Ç–µ–ª—å–Ω–æ–µ –æ–±–æ—Ä—É–¥–æ–≤–∞–Ω–∏–µ. –≠–∫—Å–ø–æ–∑–∏—Ü–∏—è –∑–Ω–∞–∫–æ–º–∏—Ç –ø–æ—Å–µ—Ç–∏—Ç–µ–ª–µ–π —Å –Ω–æ–≤–µ–π—à–∏–º–∏ –∏–Ω–∂–µ–Ω–µ—Ä–Ω–æ-—Ç–µ—Ö–Ω–∏—á–µ—Å–∫–∏–º–∏ —Ä–µ—à–µ–Ω–∏—è–º–∏, –∫–æ—Ç–æ—Ä—ã–µ –æ–±–µ—Å–ø–µ—á–∏–≤–∞—é—Ç –ø–æ–∂–∞—Ä–Ω—É—é –±–µ–∑–æ–ø–∞—Å–Ω–æ—Å—Ç—å. –ò—Ö —Ä–∞–±–æ—Ç–∞ –ø—Ä–æ–¥–µ–º–æ–Ω—Å—Ç—Ä–∏—Ä–æ–≤–∞–Ω–∞ –Ω–∞ –º–µ—Ö–∞–Ω–∏—á–µ—Å–∫–∏—Ö —ç–∫—Å–ø–æ–Ω–∞—Ç–∞—Ö ¬´–¢–µ–∞—Ç—Ä —é–Ω–æ–≥–æ –∑—Ä–∏—Ç–µ–ª—è¬ª –∏ ¬´–î–æ–º –ø–æ–≤—ã—à–µ–Ω–Ω–æ–π —ç—Ç–∞–∂–Ω–æ—Å—Ç–∏¬ª; üîπ –ò—Å—Ç–æ—Ä–∏—á–µ—Å–∫–∏–π –∑–∞–ª: –ø—Ä–µ–¥—Å—Ç–∞–≤–ª–µ–Ω–∞ –¥–∏–æ—Ä–∞–º–∞ ‚Äî –í–µ–ª–∏–∫–∏–π –ø–æ–∂–∞—Ä. üß≠  –ì–¥–µ:  –≥.   –Ø—Ä–æ—Å–ª–∞–≤–ª—å, —É–ª. –°–∏–ª–∏–∫–∞—Ç–Ω–∞—è, –¥.18 ‚åõ –ö–æ–≥–¥–∞:  –ü–Ω-–ü—Ç (–ø–æ –ø—Ä–µ–¥–≤–∞—Ä–∏—Ç–µ–ª—å–Ω–æ–π –∑–∞–ø–∏—Å–∏) ‚òé  –ö–æ–Ω—Ç–∞–∫—Ç—ã:  (4852) 44-78-24",https://sun9-42.userapi.com/z2tcAwd95vcIeL6Z6Srn530e96WAxh-9Xx7Idg/vabuhxyPJpo.jpg,https://sun9-65.userapi.com/lPKntGJRPriH5Fvke8PcfwRaMPRYOj5jP0Ib5w/8MZ-xCbYino.jpg
–ú—É–∑–µ–π —Å—Ç—Ä–µ–ª–∫–æ–≤–æ–≥–æ –∏ —Ö–æ–ª–æ–¥–Ω–æ–≥–æ –æ—Ä—É–∂–∏—è,"–í –Ø—Ä–æ—Å–ª–∞–≤–ª–µ üåÜ –≤ 2020 –≥–æ–¥—É –æ—Ç–∫—Ä—ã–ª—Å—è —á–∞—Å—Ç–Ω—ã–π  –ú—É–∑–µ–π —Å—Ç—Ä–µ–ª–∫–æ–≤–æ–≥–æ –∏ —Ö–æ–ª–æ–¥–Ω–æ–≥–æ –æ—Ä—É–∂–∏—è . –†—É–∫–æ–≤–æ–¥–∏—Ç–µ–ª–µ–º –º—É–∑–µ—è —Å—Ç–∞–ª –ò–æ—Å–∏—Ñ –ë–æ—Ç–µ—Ä–∞—à–≤–∏–ª–∏, –∫–æ—Ç–æ—Ä—ã–π –¥–≤–∞ –¥–µ—Å—è—Ç–∫–∞ –ª–µ—Ç —Å–æ–±–∏—Ä–∞–ª –∏ —Ö—Ä–∞–Ω–∏–ª –±—É–¥—É—â–∏–µ —ç–∫—Å–ø–æ–Ω–∞—Ç—ã ‚öî. –ú—É–∑–µ–π –∏–º–µ–µ—Ç —á–µ—Ç—ã—Ä–µ –∑–∞–ª–∞ –æ–±—â–µ–π –ø–ª–æ—â–∞–¥—å—é 150 –∫–≤–∞–¥—Ä–∞—Ç–Ω—ã—Ö –º–µ—Ç—Ä–æ–≤, –≤ –∫–æ—Ç–æ—Ä—ã—Ö –ø—Ä–µ–¥—Å—Ç–∞–≤–ª–µ–Ω—ã –≤—ã—Å—Ç–∞–≤–∫–∏ —Å—Ç—Ä–µ–ª–∫–æ–≤–æ–≥–æ –∏ —Ö–æ–ª–æ–¥–Ω–æ–≥–æ üó° –æ—Ä—É–∂–∏—è.  –í —ç–∫—Å–ø–æ–∑–∏—Ü–∏–∏ —Å–æ–±—Ä–∞–Ω—ã –≤—Å–µ –º–æ–¥–µ–ª–∏ –∞–≤—Ç–æ–º–∞—Ç–∞ –ö–∞–ª–∞—à–Ω–∏–∫–æ–≤–∞, —É–Ω–∏–∫–∞–ª—å–Ω—ã–µ –æ–±—Ä–∞–∑—Ü—ã –≤–∏–Ω—Ç–æ–≤–æ–∫ –∏ —Ä–µ–≤–æ–ª—å–≤–µ—Ä–æ–≤. üî´ –ö–æ–ª–ª–µ–∫—Ü–∏—è —Å–æ–±–∏—Ä–∞–ª–∞—Å—å –º–Ω–æ–≥–æ –ª–µ—Ç –∏ —Å–æ–¥–µ—Ä–∂–∏—Ç ¬´—Å—Ç–≤–æ–ª—ã¬ª —Ä–∞–∑–ª–∏—á–Ω—ã—Ö —ç–ø–æ—Ö, —Å—Ç—Ä–∞–Ω –∏ –Ω–∞—Ä–æ–¥–æ–≤. –í—Å–µ–≥–æ –≤ —ç–∫—Å–ø–æ–∑–∏—Ü–∏–∏ –ø—Ä–µ–¥—Å—Ç–∞–≤–ª–µ–Ω–æ –±–æ–ª–µ–µ 500 –ø—Ä–µ–¥–º–µ—Ç–æ–≤. –î–æ–ø–æ–ª–Ω—è–µ—Ç —ç–∫—Å–ø–æ–∑–∏—Ü–∏—é –∫–æ–ª–ª–µ–∫—Ü–∏—è —Ö–æ–ª–æ–¥–Ω–æ–≥–æ üó° –∫–ª–∏–Ω–∫–æ–≤–æ–≥–æ –æ—Ä—É–∂–∏—è. –ï–≥–æ –ø—Ä–µ–¥—Å—Ç–∞–≤–ª—è–µ—Ç –¥—Ä—É–≥ –¥–∏—Ä–µ–∫—Ç–æ—Ä–∞ –º—É–∑–µ—è –ú–∏—Ö–∞–∏–ª –ö—É–∑–Ω–µ—Ü–æ–≤. üß≠  –ì–¥–µ:  –≥.   –Ø—Ä–æ—Å–ª–∞–≤–ª—å, —É–ª. –°–≤–æ–±–æ–¥—ã, 56/35 ‚åõ –ö–æ–≥–¥–∞:  –µ–∂–µ–¥–Ω–µ–≤–Ω–æ —Å 10:00 –¥–æ 19:00 ‚òé  –ö–æ–Ω—Ç–∞–∫—Ç—ã:  +7 4852 47-74-47",https://sun9-40.userapi.com/KJ0l5HFQLUfoCWPkjYFis6mvF44Qv07czvC0nw/jO1wbfb9L3g.jpg,https://sun9-31.userapi.com/KSBKlDWvhlMyfV2AmTbXKuvU2ufEKEjdZeaczw/5w_3gNGFDz4.jpg
–ú—É–∑–µ–π –ú–∞–∫—Å–∏–º–∞ –ë–æ–≥–¥–∞–Ω–æ–≤–∏—á–∞,"–ú–µ–º–æ—Ä–∏–∞–ª—å–Ω—ã–π –¥–æ–º-–º—É–∑–µ–π –ú. –ë–æ–≥–¥–∞–Ω–æ–≤–∏—á–∞ , –ø–æ–ª–Ω–æ–µ –æ—Ñ–∏—Ü–∏–∞–ª—å–Ω–æ–µ –Ω–∞–∑–≤–∞–Ω–∏–µ ‚Äî  –¶–µ–Ω—Ç—Ä –±–µ–ª–æ—Ä—É—Å—Å–∫–æ–π –∫—É–ª—å—Ç—É—Ä—ã. –ú—É–∑–µ–π –ú–∞–∫—Å–∏–º–∞ –ë–æ–≥–¥–∞–Ω–æ–≤–∏—á–∞  ‚Äî  –ª–∏—Ç–µ—Ä–∞—Ç—É—Ä–Ω—ã–π   –º—É–∑–µ–π  –≤  –Ø—Ä–æ—Å–ª–∞–≤–ª–µ  üåÜ, —Å–æ–∑–¥–∞–Ω–Ω—ã–π –≤ –º–µ–º–æ—Ä–∏–∞–ª—å–Ω–æ–º –¥–æ–º–µ –∫–ª–∞—Å—Å–∏–∫–∞  –±–µ–ª–æ—Ä—É—Å—Å–∫–æ–π –ª–∏—Ç–µ—Ä–∞—Ç—É—Ä—ã   –ú. –ê. –ë–æ–≥–¥–∞–Ω–æ–≤–∏—á–∞ , –≥–¥–µ —Å 1912 –ø–æ 1914 –≥–æ–¥—ã –∂–∏–ª–∞ —Å–µ–º—å—è –ë–æ–≥–¥–∞–Ω–æ–≤–∏—á–µ–π. –ù–∞ —Å–µ–≥–æ–¥–Ω—è—à–Ω–∏–π –¥–µ–Ω—å —ç—Ç–æ –µ–¥–∏–Ω—Å—Ç–≤–µ–Ω–Ω—ã–π –≤ –ø—Ä–µ–¥–µ–ª–∞—Ö –≥–æ—Ä–æ–¥–∞ –º—É–∑–µ–π –ª–∏—Ç–µ—Ä–∞—Ç—É—Ä–Ω–æ–≥–æ ‚úí –ø—Ä–æ—Ñ–∏–ª—è. –û—Ç–∫—Ä—ã—Ç–∏–µ –º—É–∑–µ—è —Å–æ—Å—Ç–æ—è–ª–æ—Å—å –≤ –¥–µ–∫–∞–±—Ä–µ 1992 –≥–æ–¥–∞. –ü–µ—Ä–≤–æ–Ω–∞—á–∞–ª—å–Ω–æ–π –∑–∞–¥–∞—á–µ–π –º—É–∑–µ—è —Å—Ç–∞–ª–æ –∑–Ω–∞–∫–æ–º—Å—Ç–≤–æ –∂–∏—Ç–µ–ª–µ–π –≥–æ—Ä–æ–¥–∞ —Å —Ç–≤–æ—Ä—á–µ—Å–∫–∏–º üìö –Ω–∞—Å–ª–µ–¥–∏–µ–º –±–µ–ª–æ—Ä—É—Å—Å–∫–æ–≥–æ –ø–æ—ç—Ç–∞, –≤–æ—Å–µ–º—å –∏–∑ –Ω–µ–ø–æ–ª–Ω—ã—Ö –¥–≤–∞–¥—Ü–∞—Ç–∏ —à–µ—Å—Ç–∏ –ª–µ—Ç –ø—Ä–æ–∂–∏–≤—à–µ–≥–æ –≤ –Ø—Ä–æ—Å–ª–∞–≤–ª–µ. –Ø—Ä–æ—Å–ª–∞–≤–ª—å —Å—Ç–∞–ª –¥–ª—è –ø–æ—ç—Ç–∞ –≤—Ç–æ—Ä–æ–π –†–æ–¥–∏–Ω–æ–π, –≤ –Ω–∞—à–µ–º –≥–æ—Ä–æ–¥–µ –±—ã–ª –Ω–∞–ø–∏—Å–∞–Ω –µ–¥–∏–Ω—Å—Ç–≤–µ–Ω–Ω—ã–π –ø—Ä–∏–∂–∏–∑–Ω–µ–Ω–Ω—ã–π —Å–±–æ—Ä–Ω–∏–∫ üìñ —Å—Ç–∏—Ö–æ–≤ –ú.–ë–æ–≥–¥–∞–Ω–æ–≤–∏—á–∞. –û–¥–Ω–∞ –∏–∑ —Ü–µ–Ω—Ç—Ä–∞–ª—å–Ω—ã—Ö —É–ª–∏—Ü –≥–æ—Ä–æ–¥–∞ –Ω–∞–∑–≤–∞–Ω–∞ –∏–º–µ–Ω–µ–º –ø–æ—ç—Ç–∞, —É –∑–¥–∞–Ω–∏—è –±—ã–≤—à–µ–π –º—É–∂—Å–∫–æ–π –≥–∏–º–Ω–∞–∑–∏–∏ —É—Å—Ç–∞–Ω–æ–≤–ª–µ–Ω –ø–∞–º—è—Ç–Ω–∏–∫ –ú.–ë–æ–≥–¥–∞–Ω–æ–≤–∏—á—É. –í –Ω–∞—Å—Ç–æ—è—â–µ–µ –≤—Ä–µ–º—è –Ω–∞ –±–∞–∑–µ –º—É–∑–µ—è —Å–æ–±—Ä–∞–Ω–∞ –æ–¥–Ω–∞ –∏–∑ –Ω–∞–∏–±–æ–ª–µ–µ –ø–æ–ª–Ω—ã—Ö –≤ –†–æ—Å—Å–∏–π—Å–∫–∏—Ö —Ä–µ–≥–∏–æ–Ω–∞—Ö –±–∏–±–ª–∏–æ—Ç–µ–∫ üìö–ø—É–±–ª–∏–∫–∞—Ü–∏–π –ø–æ—ç—Ç–∞ –∏ –±–∏–±–ª–∏–æ–≥—Ä–∞—Ñ–∏—á–µ—Å–∫–æ–π –ª–∏—Ç–µ—Ä–∞—Ç—É—Ä—ã –æ –Ω–µ–º, –∞ —Ç–∞–∫–∂–µ –±–∏–±–ª–∏–æ—Ç–µ–∫–∞ –±–µ–ª–æ—Ä—É—Å—Å–∫–æ–π –ª–∏—Ç–µ—Ä–∞—Ç—É—Ä—ã . –°–æ—Ç—Ä—É–¥–Ω–∏–∫–∞–º–∏ –º—É–∑–µ—è —Ä–∞–∑—Ä–∞–±–æ—Ç–∞–Ω –±–æ–ª—å—à–æ–π –º–µ—Ç–æ–¥–∏—á–µ—Å–∫–∏–π –º–∞—Ç–µ—Ä–∏–∞–ª –ø–æ –ø–æ–ø—É–ª—è—Ä–∏–∑–∞—Ü–∏–∏ —Ç–≤–æ—Ä—á–µ—Å—Ç–≤–∞ –ú.–ë–æ–≥–¥–∞–Ω–æ–≤–∏—á–∞ —Å—Ä–µ–¥–∏ —Ä–æ—Å—Å–∏—è–Ω, –Ω–µ –≤–ª–∞–¥–µ—é—â–∏—Ö –±–µ–ª–æ—Ä—É—Å—Å–∫–∏–º —è–∑—ã–∫–æ–º. –í –Ω–∞—Å—Ç–æ—è—â–µ–µ –≤—Ä–µ–º—è –º—É–∑–µ–π –≤—ã—Å—Ç—É–ø–∞–µ—Ç –∫–∞–∫ —Ç—Ä–∞–Ω—Å–ª—è—Ç–æ—Ä —ç—Ç–Ω–∏—á–Ω–æ—Å—Ç–∏, —Ä–µ—à–∞—è –æ–ø—Ä–µ–¥–µ–ª–µ–Ω–Ω—ã–µ –∑–∞–¥–∞—á–∏ –ø–æ —Å–æ—Ö—Ä–∞–Ω–µ–Ω–∏—é –Ω–∞—Ü–∏–æ–Ω–∞–ª—å–Ω–æ–≥–æ —è–∑—ã–∫–∞, —Ç—Ä–∞–¥–∏—Ü–∏–π, –≤–æ—Å–ø–∏—Ç–∞–Ω–∏—è –ø–∞—Ç—Ä–∏–æ—Ç–∏–∑–º–∞, —Ç–æ–ª–µ—Ä–∞–Ω—Ç–Ω–æ—Å—Ç–∏. –í 1995 –≥. –ú—É–∑–µ–π –ø–æ–ª—É—á–∏–ª —Å—Ç–∞—Ç—É—Å –¶–µ–Ω—Ç—Ä–∞ –ë–µ–ª–æ—Ä—É—Å—Å–∫–æ–π –∫—É–ª—å—Ç—É—Ä—ã.  –í –¶–µ–Ω—Ç—Ä–µ —Å–æ–≤–º–µ—Å—Ç–Ω–æ —Å –±–µ–ª–æ—Ä—É—Å—Å–∫–æ–π –¥–∏–∞—Å–ø–æ—Ä–æ–π –Ø—Ä–æ—Å–ª–∞–≤–ª—è –ø—Ä–æ–≤–æ–¥—è—Ç—Å—è –Ω–∞—Ä–æ–¥–Ω—ã–µ üë®‚Äçüë©‚Äçüëß‚Äçüë¶ –Ω–∞—Ü–∏–æ–Ω–∞–ª—å–Ω—ã–µ –ø—Ä–∞–∑–¥–Ω–∏–∫–∏: ''–ö–∞–ª—è–¥—ã'', –î–∑—è–¥—ã, –ì—É–∫–∞–Ω–Ω–µ –≤—è—Å–Ω—ã –∏ –¥—Ä. –†–µ–≥—É–ª—è—Ä–Ω–æ –æ—Ä–≥–∞–Ω–∏–∑—É—é—Ç—Å—è –î–Ω–∏ –±–µ–ª–æ—Ä—É—Å—Å–∫–æ–π –∫—É—Ö–Ω–∏. –°–æ–±—Ä–∞–Ω–∞ –∫–æ–ª–ª–µ–∫—Ü–∏—è –ø—Ä–µ–¥–º–µ—Ç–æ–≤ –Ω–∞—Ä–æ–¥–Ω–æ–≥–æ –±—ã—Ç–∞ –±–µ–ª–æ—Ä—É—Å—Å–∫–∏—Ö –ø–µ—Ä–µ—Å–µ–ª–µ–Ω—Ü–µ–≤. –ó–¥–µ—Å—å –º–æ–∂–Ω–æ —É—Å–ª—ã—à–∞—Ç—å –±–µ–ª–æ—Ä—É—Å—Å–∫–∏–µ –ø–µ—Å–Ω–∏, –ø–æ—á–∏—Ç–∞—Ç—å –∫–Ω–∏–≥–∏ –±–µ–ª–æ—Ä—É—Å—Å–∫–∏—Ö –∞–≤—Ç–æ—Ä–æ–≤, –æ–∑–Ω–∞–∫–æ–º–∏—Ç—å—Å—è —Å –∏–∑–¥–∞–Ω–∏—è–º–∏ –±–µ–ª–æ—Ä—É—Å—Å–∫–æ–π –ø—Ä–µ—Å—Å—ã. –í –¶–µ–Ω—Ç—Ä–µ –ø—Ä–æ–≤–æ–¥—è—Ç—Å—è –î–Ω–∏ –Ω–∞—Ü–∏–æ–Ω–∞–ª—å–Ω–æ–π –±–µ–ª–æ—Ä—É—Å—Å–∫–æ–π –∫—É—Ö–Ω–∏ ü•û, –º—É–∑—ã–∫–∞–ª—å–Ω—ã–µ –∏ –ø–æ—ç—Ç–∏—á–µ—Å–∫–∏–µ –≤–µ—á–µ—Ä–∞, –ø—Ä–∞–∑–¥–Ω–∏–∫–∏, –ø–æ—Å–≤—è—â—ë–Ω–Ω—ã–µ –∑–Ω–∞–º–µ–Ω–∞—Ç–µ–ª—å–Ω—ã–º –¥–∞—Ç–∞–º –≤ –∏—Å—Ç–æ—Ä–∏–∏ –ë–µ–ª–æ—Ä—É—Å—Å–∏–∏. –í –ø—Ä–æ–≥—Ä–∞–º–º–µ –¶–µ–Ω—Ç—Ä–∞ –ø—Ä–µ–¥–ª–∞–≥–∞–µ—Ç—Å—è –º–Ω–æ–∂–µ—Å—Ç–≤–æ –∏–Ω—Ç–µ—Ä–∞–∫—Ç–∏–≤–Ω—ã—Ö –ø—Ä–æ–≥—Ä–∞–º–º –¥–ª—è —è—Ä–æ—Å–ª–∞–≤—Ü–µ–≤ –∏ –¥–ª—è –≥–æ—Å—Ç–µ–π –Ω–∞—à–µ–≥–æ –≥–æ—Ä–æ–¥–∞: üîπ —Ç—Ä–∞–¥–∏—Ü–∏–∏ —Ä—É—Å—Å–∫–æ–≥–æ —á–∞–µ–ø–∏—Ç–∏—è; üîπ –ø–æ—Å–∏–¥–µ–ª–∫–∏ —É —Ä—É—Å—Å–∫–æ–π –ø–µ—á–∫–∏; üîπ –¥–µ–≥—É—Å—Ç–∞—Ü–∏—è –±–µ–ª–æ—Ä—É—Å—Å–∫–∏—Ö –Ω–∞—Ü–∏–æ–Ω–∞–ª—å–Ω—ã—Ö –±–ª—é–¥; üîπ –ø—Ä–æ–≤–µ–¥–µ–Ω–∏–µ –î–Ω—è –∏–º–µ–Ω–∏–Ω–Ω–∏–∫–∞ –≤ –∑–∞–ª–∞—Ö –º—É–∑–µ—è; üîπ –ø—Ä–æ–≥—Ä–∞–º–º–∞ –ø–æ —Å–æ–∑–¥–∞–Ω–∏—é –Ω–∞ —Ç–µ—Ä—Ä–∏—Ç–æ—Ä–∏–∏ —É—Å–∞–¥—å–±—ã –ø—Ä–æ–µ–∫—Ç–∞ —Ä—É—Å—Å–∫–æ-–±–µ–ª–æ—Ä—É—Å—Å–∫–∞—è –≥–æ—Ä–Ω–∏—Ü–∞. üß≠  –ì–¥–µ:  –≥.   –Ø—Ä–æ—Å–ª–∞–≤–ª—å, —É–ª. –ß–∞–π–∫–æ–≤—Å–∫–æ–≥–æ, 21, –ö–∏—Ä–æ–≤—Å–∫–∏–π —Ä-–Ω. ‚åõ –ö–æ–≥–¥–∞:  –ø–Ω-—Å–± 9:00‚Äì18:00 (–≤–æ—Å–∫—Ä–µ—Å–µ–Ω—å–µ ‚Äî –≤—ã—Ö–æ–¥–Ω–æ–π) ‚òé  –ö–æ–Ω—Ç–∞–∫—Ç—ã:  +7 4852 32-93-54 üíª –°–∞–π—Ç:  http://mukmig.yaroslavl.ru/?menu0402 =",https://sun9-6.userapi.com/-jBPDrrKRTsqvbetUdzq6pBGcaYMIF46cpOXTg/ED1KtWN7__k.jpg,https://sun9-51.userapi.com/jz5LjaMF0VwU14zDbOzfMSDbF3o9gdJ_dr6aOg/wt6DifjWDh0.jpg
–ú—É–∑–µ–π-—Ç–µ–∞—Ç—Ä ¬´–ê–ª—ë—à–∏–Ω–æ –ø–æ–¥–≤–æ—Ä—å–µ¬ª,"–ú—É–∑–µ–π-—Ç–µ–∞—Ç—Ä ¬´–ê–ª–µ—à–∏–Ω–æ –ø–æ–¥–≤–æ—Ä—å–µ¬ª , –∑–∞–Ω–∏–º–∞—é—â–∏–π —á–∞—Å—Ç—å –∏—Å—Ç–æ—Ä–∏—á–µ—Å–∫–æ–≥–æ —Ü–µ–Ω—Ç—Ä–∞ –Ø—Ä–æ—Å–ª–∞–≤–ª—è, –ø—Ä–µ–¥—Å—Ç–∞–≤–ª—è–µ—Ç —Å–æ–±–æ–π –º—É–∑–µ–π, –ø—Ä–æ—á–Ω–æ –∞—Å—Å–æ—Ü–∏–∏—Ä—É—é—â–∏–π—Å—è —Å —Ä—É—Å—Å–∫–∏–º —Ñ–æ–ª—å–∫–ª–æ—Ä–æ–º, –Ω–∞–∫–æ–ø–ª–µ–Ω–Ω—ã–º–∏ –≤–µ–∫–∞–º–∏ —Ç—Ä–∞–¥–∏—Ü–∏—è–º–∏ –∏ –ø—Ä–æ–≤–∏–Ω—Ü–∏–∞–ª—å–Ω—ã–º –∫–æ–ª–æ—Ä–∏—Ç–æ–º. –ì–æ—Å—Ç–µ–π –º—É–∑–µ—è —É–∂–µ –Ω–∞ –ø–æ—Ä–æ–≥–µ –≤—Å—Ç—Ä–µ—á–∞—é—Ç –∑–Ω–∞–∫–æ–º—ã–µ —Å–æ —à–∫–æ–ª—å–Ω–æ–π —Å–∫–∞–º—å–∏ –≥–µ—Ä–æ–∏. –ü–µ—Ä—Å–æ–Ω–∞–∂–∞–º —Ä—É—Å—Å–∫–∏—Ö –±—ã–ª–∏–Ω –∏ —Å–∫–∞–∑–æ–∫ –∑–¥–µ—Å—å –æ—Ç–≤–µ–¥–µ–Ω–∞ –≥–ª–∞–≤–µ–Ω—Å—Ç–≤—É—é—â–∞—è —Ä–æ–ª—å: –æ–∑–æ—Ä–Ω–æ–º—É  –ê–ª–µ—à–µ –ü–æ–ø–æ–≤–∏—á—É  –Ω–µ —Ç–µ—Ä–ø–∏—Ç—Å—è —Ä–∞–∑–≤–ª–µ—á—å –ø—Ä–∏—à–µ–¥—à–∏—Ö –ø—Ä–∏–±–∞—É—Ç–∫–∞–º–∏ –∏ –∑–∞–Ω–∏–º–∞—Ç–µ–ª—å–Ω—ã–º–∏ —Ä–∞—Å—Å–∫–∞–∑–∞–º–∏, –µ–º—É –≤—Ç–æ—Ä–∏—Ç —Å–º–µ—à–Ω–æ–π  –¥–æ–º–æ–≤–æ–π –®–∞–±–∞—Ä—à–∞ , –≤ –ø—Ä–æ—Ü–µ—Å—Å–µ –≤—Å–µ–æ–±—â–µ–≥–æ –≤–µ—Å–µ–ª—å—è –∫ –Ω–∏–º –ø–æ–¥–∫–ª—é—á–∞–µ—Ç—Å—è  –∫—Ä–∞—Å–∞–≤–∏—Ü–∞ –õ—é–±–∞–≤–∞ , –∑–∞–±–æ—Ç—è—â–∞—è—Å—è –æ –≥–æ—Å—Ç—è—Ö –∏ –ø—Ä–∏–Ω–æ—Å—è—â–∞—è –∏–º –ø–æ–¥–∞—Ä–∫–∏. –ú—É–∑–µ–π-—Ç–µ–∞—Ç—Ä  –Ω–∞—Ö–æ–¥–∏—Ç—Å—è –Ω–∞ —Ç–µ—Ä—Ä–∏—Ç–æ—Ä–∏–∏  —Ç—É—Ä–∏—Å—Ç–∏—á–µ—Å–∫–æ–≥–æ –∫–æ–º–ø–ª–µ–∫—Å–∞ ¬´–ê–ª–µ—à–∞ –ü–æ–ø–æ–≤–∏—á –î–≤–æ—Ä¬ª , —Ç–µ–º –Ω–µ –º–µ–Ω–µ–µ —Å—é–¥–∞ –º–æ–≥—É—Ç –∑–∞–π—Ç–∏ –≤—Å–µ –∂–µ–ª–∞—é—â–∏–µ. –ö–æ–º–ø–ª–µ–∫—Å –ø—Ä–∏–≤–ª–µ–∫–∞–µ—Ç –∫–∞–∫ –≥–æ—Ä–æ–∂–∞–Ω, —Ç–∞–∫ –∏ –ø—Ä–∏–µ–∑–∂–∏—Ö —Å–∫–∞–∑–æ—á–Ω–æ—Å—Ç—å—é –∏–º–µ—é—â–∏—Ö—Å—è –∏–Ω—Ç–µ—Ä—å–µ—Ä–æ–≤: —Å–≤–æ–∏–º–∏ —Ä–µ–∑–Ω—ã–º–∏ –±–∞–ª–∫–æ–Ω–∞–º–∏ –∏ –∫—Ä—ã–ª–µ—á–∫–∞–º–∏, –¥–µ—Ä–µ–≤—è–Ω–Ω–æ–π –º–µ–±–µ–ª—å—é, –º–∞—Å—Å–∏–≤–Ω—ã–º–∏ –¥–≤–µ—Ä—å–º–∏ –∏ –Ω–æ–º–µ—Ä–∞–º–∏ ¬´—Å –ø–æ–ª–∞—Ç—è–º–∏¬ª. –ó–¥–µ—Å—å –µ—Å—Ç—å –º–µ—Å—Ç–æ –∏ –∫–Ω—è–∂–µ—Å–∫–∏–º –∞–ø–∞—Ä—Ç–∞–º–µ–Ω—Ç–∞–º, –≥–æ—Å—Ç–∏ —Ç–∞–∫–∂–µ –º–æ–≥—É—Ç –ø–æ–ø–∞—Ä–∏—Ç—å—Å—è –≤  ¬´–ü–æ–ø–æ–≤—Å–∫–∏—Ö –±–∞–Ω—è—Ö¬ª  –∏–ª–∏ –ø–æ—Å–µ—Ç–∏—Ç—å  —Ä–µ—Å—Ç–æ—Ä–∞–Ω ¬´–î—è–¥—å–∫–∞ –ß–µ—Ä–Ω–æ–º–æ—Ä¬ª  —Å —Å–æ–æ—Ç–≤–µ—Ç—Å—Ç–≤—É—é—â–∏–º –æ—Ñ–æ—Ä–º–ª–µ–Ω–∏–µ–º –≤ –¥—Ä–µ–≤–Ω–µ—Ä—É—Å—Å–∫–æ–º —Å—Ç–∏–ª–µ. –í  ¬´–ê–ª–µ—à–∏–Ω–æ–º –ø–æ–¥–≤–æ—Ä—å–µ¬ª  –Ω–∞ –≤—Ö–æ–¥–µ –≤–∑—Ä–æ—Å–ª—ã–µ –∏ –¥–µ—Ç–∏ –ø–æ–ª—É—á–∞—é—Ç –±–∞—Ö–∏–ª—ã –≤ –≤–∏–¥–µ –ª–∞–ø—Ç–µ–π, —Ç—É–∞–ª–µ—Ç—ã –∂–µ –∑–¥–µ—Å—å –æ–±–æ–∑–Ω–∞—á–µ–Ω—ã –Ω–µ —Å—Ç–∞–Ω–¥–∞—Ä—Ç–Ω—ã–º–∏ –±—É–∫–≤–∞–º–∏ ¬´–ú¬ª –∏ ¬´–ñ¬ª, –∞ –≤–ø–æ–ª–Ω–µ —Å–∫–∞–∑–æ—á–Ω—ã–º–∏ ¬´–ë–æ–≥–∞—Ç—ã—Ä—Å–∫–∞—è¬ª –∏ ¬´–î–µ–≤–∏—á—å—è¬ª)) –ú–µ—Å—Ç–æ –æ–¥–Ω–æ–∑–Ω–∞—á–Ω–æ —è–≤–ª—è–µ—Ç—Å—è –æ–¥–Ω–∏–º –∏–∑ –Ω–∞–∏–±–æ–ª–µ–µ –∏–∑–≤–µ—Å—Ç–Ω—ã—Ö —Ñ–æ–ª—å–∫–ª–æ—Ä–Ω—ã—Ö –∫–æ–º–ø–ª–µ–∫—Å–æ–≤ –≥–æ—Ä–æ–¥–∞, —Å–ø–æ—Å–æ–±–Ω—ã–º —É–¥–∏–≤–∏—Ç—å –≤—Å–µ—Ö –æ—Ç –º–∞–ª–∞ –¥–æ –≤–µ–ª–∏–∫–∞. –°–ª—É—á–∞–µ—Ç—Å—è, —á—Ç–æ –∑–∞ –¥–µ–Ω—å –ø–æ–±—ã–≤–∞—Ç—å –≤ –º—É–∑–µ–µ-—Ç–µ–∞—Ç—Ä–µ —É—Å–ø–µ–≤–∞—é—Ç –¥–æ 150 —á–µ–ª–æ–≤–µ–∫. –ö–∞–∂–¥—ã–π –ø–æ—Å–µ—Ç–∏—Ç–µ–ª—å –º—É–∑–µ—è-—Ç–µ–∞—Ç—Ä–∞ —Å—Ç–∞–Ω–æ–≤–∏—Ç—Å—è —á–∞—Å—Ç—å—é –º–∞—Å—à—Ç–∞–±–Ω–æ–≥–æ –ø—Ä–µ–¥—Å—Ç–∞–≤–ª–µ–Ω–∏—è. –ì–æ—Å—Ç–∏ –∑–∞–≥–∞–¥—ã–≤–∞—é—Ç –∂–µ–ª–∞–Ω–∏—è –≤ –ø—Ä–æ—Ü–µ—Å—Å–µ –ø–µ—Ä—Ñ–æ—Ä–º–∞–Ω—Å–∞, ¬´–∑–∞—Ä—è–∂–∞—é—Ç—Å—è¬ª –∑–¥–æ—Ä–æ–≤—å–µ–º, –ø–æ–≥—Ä—É–∂–∞—è –ª–∞–¥–æ–Ω–∏ –≤ –∂–∏–≤—É—é –≤–æ–¥—É, —É–∑–Ω–∞—é—Ç –º–∞–ª–æ–∏–∑–≤–µ—Å—Ç–Ω—ã–µ –ø—Ä–∏–º–µ—Ç—ã –∏ –ø—Ä–µ–¥–∞–Ω–∏—è, –∫ –ø—Ä–∏–º–µ—Ä—É, –µ—Å–ª–∏ –ø–æ–≥–ª–∞–¥–∏—Ç—å –∫–æ–Ω—è  –ì–∞—è –Æ–ª–∏—è –¶–µ–∑–∞—Ä—è , —Ç–æ –≤ —Å–∫–æ—Ä–æ–º –≤—Ä–µ–º–µ–Ω–∏ –º–æ–∂–Ω–æ –æ–±–∑–∞–≤–µ—Å—Ç–∏—Å—å —Å–æ–±—Å—Ç–≤–µ–Ω–Ω–æ–π –ª–æ—à–∞–¥—å—é, –µ—Å–ª–∏ –∂–µ –ø–æ–≤–µ–¥–µ–Ω–∏–µ –≤ –ø–æ—Å–ª–µ–¥–Ω–∏–µ –¥–Ω–∏ –æ—Å—Ç–∞–≤–ª—è–ª–æ –∂–µ–ª–∞—Ç—å –ª—É—á—à–µ–≥–æ, —Ç–æ –æ–º—ã–≤–∞—Ç—å —Ä—É–∫–∏ ¬´–∂–∏–≤–æ–π¬ª –≤–æ–¥–æ–π –Ω–µ —Å—Ç–æ–∏—Ç ‚Äî –æ–Ω–∏ –º–æ–≥—É—Ç –æ—Ç–≤–∞–ª–∏—Ç—å—Å—è. –ü–æ–≥—Ä—É–∂–µ–Ω–∏–µ –≤ –±–æ–≥–∞—Ç—ã—Ä—Å–∫–∏–π –±—ã—Ç XII –≤–µ–∫–∞, –∏–Ω—Ç–µ—Ä–∞–∫—Ç–∏–≤–Ω–∞—è —ç–∫—Å–∫—É—Ä—Å–∏—è –Ω–∏–∫–æ–≥–æ –Ω–µ –æ—Å—Ç–∞–≤–∏—Ç —Ä–∞–≤–Ω–æ–¥—É—à–Ω—ã–º, –ø–æ–º–∏–º–æ —ç—Ç–æ–≥–æ –º—É–∑–µ–π –ø—Ä–µ–¥–ª–∞–≥–∞–µ—Ç —Å–∫–∞–∑–æ—á–Ω—ã–π –∫–≤–µ—Å—Ç –¥–ª—è –≤—Å–µ—Ö –≤–æ–∑—Ä–∞—Å—Ç–æ–≤ –¥–ª—è —Å–∞–º—ã—Ö –∞–∫—Ç–∏–≤–Ω—ã—Ö –∏ —Å–æ–æ–±—Ä–∞–∑–∏—Ç–µ–ª—å–Ω—ã—Ö –ø–æ–∫–ª–æ–Ω–Ω–∏–∫–æ–≤ –ø—Ä–∏–∫–ª—é—á–µ–Ω–∏–π.  –î–ª—è –≤–∑—Ä–æ—Å–ª—ã—Ö –ø—Ä–µ–¥–ª–∞–≥–∞–µ—Ç—Å—è –ø—Ä–∞–∑–¥–Ω–∏—á–Ω–∞—è –ø—Ä–æ–≥—Ä–∞–º–º–∞ ¬´–£–≥–æ—â–µ–Ω–∏–µ –æ—Ç –õ—é–±–∞–≤—ã¬ª, —Ä–∞–¥—É—é—â–∞—è –≥–æ—Å—Ç–µ–π –Ω–∞–ª–∏–≤–æ—á–∫–æ–π, –∫–≤–∞—à–µ–Ω–æ–π –∫–∞–ø—É—Å—Ç–æ–π –∏ —Ö—Ä—É—Å—Ç—è—â–∏–º–∏ –æ–≥—É—Ä—á–∏–∫–∞–º–∏. –ê –¥–µ—Ç–∏ –≤ —ç—Ç–æ –≤—Ä–µ–º—è –º–æ–≥—É—Ç –ø–æ—Å–µ—Ç–∏—Ç—å —Ä—è–¥ –æ–±—Ä–∞–∑–æ–≤–∞—Ç–µ–ª—å–Ω—ã—Ö –∫—Ä–∞–µ–≤–µ–¥—á–µ—Å–∫–∏—Ö –ø—Ä–æ–µ–∫—Ç–æ–≤ –∏–ª–∏ —Ç–≤–æ—Ä—á–µ—Å–∫–∏–µ —É—Ä–æ–∫–∏ –∏—Å—Ç–æ—Ä–∏–∏, –≥–¥–µ –≤ –∏–≥—Ä–æ–≤–æ–π —Ñ–æ—Ä–º–µ —É–∑–Ω–∞—é—Ç –æ—Ç —Å–∫–∞–∑–æ—á–Ω—ã—Ö –≥–µ—Ä–æ–µ–≤, –∫–∞–∫ –∂–∏–ª–∏ –∏ –≤–µ–ª–∏ –±—ã—Ç –ª—é–¥–∏ –≤ —Å—Ä–µ–¥–Ω–µ–≤–µ–∫–æ–≤–æ–π –†—É—Å–∏.  –ú—É–∑–µ–π –ø—Ä–µ–¥–ª–∞–≥–∞–µ—Ç –∫ –∏–∑—É—á–µ–Ω–∏—é —Å—Ç–∞—Ä–∏–Ω–Ω—ã–µ —Ä—É—Å—Å–∫–∏–µ —Ä–µ–º–µ—Å–ª–∞, —Ç–∞–∫–∏–µ –∫–∞–∫ –ø–ª–µ—Ç–µ–Ω–∏–µ –Ω–∞ –∫–æ–∫–ª—é—à–∫–∞—Ö –∏ –≥–æ–Ω—á–∞—Ä–Ω–æ–µ –¥–µ–ª–æ, —Ç–∞–∫–∂–µ –∑–¥–µ—Å—å –º–æ–∂–Ω–æ –∏–∑—É—á–∏—Ç—å —Å–æ–≤—Ä–µ–º–µ–Ω–Ω—ã–µ —Ç–µ—Ö–Ω–∏–∫–∏ ‚Äî —ç–±—Ä—É, –º—ã–ª–æ–≤–∞—Ä–µ–Ω–∏–µ –∏ —Ñ—å—é–∑–∏–Ω–≥. üß≠  –ì–¥–µ:  –≥.   –Ø—Ä–æ—Å–ª–∞–≤–ª—å, —É–ª. –ü–µ—Ä–≤–æ–º–∞–π—Å–∫–∞—è, 55 ‚åõ –ö–æ–≥–¥–∞:  –µ–∂–µ–¥–Ω–µ–≤–Ω–æ —Å 10:00 –¥–æ 18:00, –ø–Ω ‚Äì –≤—ã—Ö–æ–¥–Ω–æ–π ‚òé  –ö–æ–Ω—Ç–∞–∫—Ç—ã:  +7(910)973-31-32; +7(4852)64-04-31 üí∞ –°—Ç–æ–∏–º–æ—Å—Ç—å:  —Ç–µ–∞—Ç—Ä–∞–ª–∏–∑–æ–≤–∞–Ω–Ω–∞—è —ç–∫—Å–∫—É—Ä—Å–∏—è: –≤–∑—Ä–æ—Å–ª—ã–µ ‚Äì 250 —Ä—É–±., –¥–µ—Ç–∏ ‚Äì 180 —Ä—É–±. üíª –°–∞–π—Ç:  http://ap-dvor.ru/muzej / –ö–∞–∫ –¥–æ–±—Ä–∞—Ç—å—Å—è: –ú—É–∑–µ–π –Ω–∞—Ö–æ–¥–∏—Ç—Å—è –Ω–µ–¥–∞–ª–µ–∫–æ –æ—Ç —Å—Ç–µ–Ω  –°–ø–∞—Å–æ-–ü—Ä–µ–æ–±—Ä–∞–∂–µ–Ω—Å–∫–æ–≥–æ –º–æ–Ω–∞—Å—Ç—ã—Ä—è , —ç—Ç–æ –∏—Å—Ç–æ—Ä–∏—á–µ—Å–∫–∏–π —Ü–µ–Ω—Ç—Ä –≥–æ—Ä–æ–¥–∞. –î–æ–µ—Ö–∞—Ç—å –¥–æ –º–µ—Å—Ç–∞ –º–æ–∂–Ω–æ –Ω–∞ –ª—é–±–æ–º –≤–∏–¥–µ –æ–±—â–µ—Å—Ç–≤–µ–Ω–Ω–æ–≥–æ —Ç—Ä–∞–Ω—Å–ø–æ—Ä—Ç–∞, —Å–ª–µ–¥—É—é—â–µ–º —á–µ—Ä–µ–∑ –ø–ª–æ—â–∞–¥—å –ë–æ–≥–æ—è–≤–ª–µ–Ω–∏—è. –ï—Å–ª–∏ —Å–æ–π—Ç–∏ –Ω–∞ –æ—Å—Ç–∞–Ω–æ–≤–∫–µ ¬´–ü–µ—Ä–≤–æ–º–∞–π—Å–∫–∞—è¬ª, –Ω–µ–æ–±—Ö–æ–¥–∏–º–æ –±—É–¥–µ—Ç –ø–µ—Ä–µ–π—Ç–∏ –æ—Ç –≥–ª–∞–≤–ø–æ—á—Ç–∞–º—Ç–∞ –Ω–∞ –ø—Ä–æ—Ç–∏–≤–æ–ø–æ–ª–æ–∂–Ω—É—é —Å—Ç–æ—Ä–æ–Ω—É –ë–æ–≥–æ—è–≤–ª–µ–Ω—Å–∫–æ–π –ø–ª–æ—â–∞–¥–∏ –∏ –∫–∞–∫–æ–µ-—Ç–æ –≤—Ä–µ–º—è –∏–¥—Ç–∏ –ø–µ—à–∏–º —à–∞–≥–æ–º –¥–æ –ö–æ—Ç–æ—Ä–æ—Å–ª—å–Ω–æ–π –Ω–∞–±–µ—Ä–µ–∂–Ω–æ–π. –°—é–¥–∞ –∏–¥—É—Ç –º–∞—Ä—à—Ä—É—Ç—ã –∞–≤—Ç–æ–±—É—Å–æ–≤  ‚Ññ 2 ,  ‚Ññ 5 ,  ‚Ññ 8 ,  ‚Ññ 14 ,  ‚Ññ 19–∫ ,  ‚Ññ 21–ë ,  ‚Ññ 33 ,  ‚Ññ 42 ,  ‚Ññ 76 ,  ‚Ññ 139–∞ , —Ç—Ä–æ–ª–ª–µ–π–±—É—Å  ‚Ññ 9 , –º–∞—Ä—à—Ä—É—Ç–Ω–æ–µ —Ç–∞–∫—Å–∏  ‚Ññ 36 ,  ‚Ññ 37 ,  ‚Ññ 45 ,  ‚Ññ 46 ,  ‚Ññ 47 ,  ‚Ññ 61 ,  ‚Ññ 71 ,  ‚Ññ 73 ,  ‚Ññ 80 ,  ‚Ññ 81 ,  ‚Ññ 82 ,  ‚Ññ 84 ,  ‚Ññ 87 ,  ‚Ññ 91 ,  ‚Ññ 94 ,  ‚Ññ 96 ,  ‚Ññ 97 ,  ‚Ññ 98 ,  ‚Ññ 176 ,  ‚Ññ 178 .",https://sun9-49.userapi.com/hwuPTOS3Og5CW48q5pN1Ia-TVGus0qO7TYD2vQ/QFTDV6rszaU.jpg,https://sun9-39.userapi.com/P9Ysg09C56ioJ6v5CxTZq5yoA37XLmtB2I1MBQ/BOo1DlZuTzU.jpg
–†–µ–∑–∏–¥–µ–Ω—Ü–∏—è –ì–æ—Å—É–¥–∞—Ä—ã–Ω–∏ –≥–ª–∞–≤–Ω–æ–π –º–∞—Å–ª–µ–Ω–∏—Ü—ã —Å—Ç—Ä–∞–Ω—ã,"–†–µ–∑–∏–¥–µ–Ω—Ü–∏—è –≥–æ—Å—É–¥–∞—Ä—ã–Ω–∏ –ì–ª–∞–≤–Ω–æ–π –ú–∞—Å–ª–µ–Ω–∏—Ü—ã —Å—Ç—Ä–∞–Ω—ã  - –µ–¥–∏–Ω—Å—Ç–≤–µ–Ω–Ω—ã–π  –∏–Ω—Ç–µ—Ä–∞–∫—Ç–∏–≤–Ω—ã–π –º—É–∑–µ–π  üè£ –ø–æ–¥–æ–±–Ω–æ–π —Ç–µ–º–∞—Ç–∏–∫–∏ –≤ –†–æ—Å—Å–∏–∏. –ì–æ—Ä–æ–¥ –Ø—Ä–æ—Å–ª–∞–≤–ª—å —è–≤–ª—è–µ—Ç—Å—è –º–µ—Å—Ç–æ–º –ø—Ä–æ–≤–µ–¥–µ–Ω–∏—è –æ–¥–Ω–æ–≥–æ –∏–∑ –∏–∑–≤–µ—Å—Ç–Ω–µ–π—à–∏—Ö —Ä–æ—Å—Å–∏–π—Å–∫–∏—Ö –ø—Ä–∞–∑–¥–Ω–∏–∫–æ–≤ -  –ú–∞—Å–ª–µ–Ω–∏—Ü—ã . –ï–∂–µ–≥–æ–¥–Ω–æ –≤ –Ø—Ä–æ—Å–ª–∞–≤–ª–µ –ø—Ä–æ—Ö–æ–¥–∏—Ç –≥–ª–∞–≤–Ω–æ–µ —Å–æ–±—ã—Ç–∏–µ –ø—Ä–∞–∑–¥–Ω–∏—á–Ω–æ–π üéâ –Ω–µ–¥–µ–ª–∏ - –ì–ª–∞–≤–Ω–∞—è –ú–∞—Å–ª–µ–Ω–∏—Ü–∞ —Å—Ç—Ä–∞–Ω—ã. –ü—Ä–∞–∑–¥–Ω–∏–∫ –ú–∞—Å–ª–µ–Ω–∏—Ü—ã —ç—Ç–æ —Ü–µ–ª–∞—è –Ω–µ–¥–µ–ª—è —Ñ–æ–ª—å–∫–ª–æ—Ä–Ω—ã—Ö —Å–æ–±—ã—Ç–∏–π: –Ω–∞—Ä–æ–¥–Ω—ã—Ö –≥—É–ª—è–Ω–∏–π, –ø–µ—Å–µ–Ω, —Ç–∞–Ω—Ü–µ–≤, –∏–≥—Ä –∏ —Ç—Ä–∞–¥–∏—Ü–∏–æ–Ω–Ω–æ–π –†—É—Å—Å–∫–æ–π –∫—É—Ö–Ω–∏ ü•û. –†–µ–∑–∏–¥–µ–Ω—Ü–∏—è  ‚Äì —á–∞—Å—Ç—å —É–Ω–∏–∫–∞–ª—å–Ω–æ–≥–æ  —Ä—É–±–ª–µ–Ω–æ–≥–æ –≥–æ—Ä–æ–¥–∞   üåÜ, –≤–æ—Å—Å–æ–∑–¥–∞–Ω–Ω–æ–≥–æ –ø–æ —á–µ—Ä—Ç–µ–∂–∞–º –∏ —Å–æ—Ö—Ä–∞–Ω–∏–≤—à–∏–º—Å—è –∫–∏–Ω–æ–º–∞—Ç–µ—Ä–∏–∞–ª–∞–º 1913 –≥–æ–¥–∞, –∫–æ—Ç–æ—Ä—ã–π –±—ã–ª –ø–æ—Å—Ç—Ä–æ–µ–Ω –≤ —á–µ—Å—Ç—å –ø–æ—Å–ª–µ–¥–Ω–µ–≥–æ –≤–∏–∑–∏—Ç–∞ –∏–º–ø–µ—Ä–∞—Ç–æ—Ä—Å–∫–æ–π ü§¥ —Å–µ–º—å–∏ –∏ —Ü–∞—Ä—è –ù–∏–∫–æ–ª–∞—è II –≤ –Ø—Ä–æ—Å–ª–∞–≤–ª—å. –í–æ –¥–≤–æ—Ä–µ –º—É–∑–µ—è, –æ—Ä–≥–∞–Ω–∏–∑–æ–≤–∞–Ω—ã —Ä–∞–∑–≤–ª–µ–∫–∞—Ç–µ–ª—å–Ω—ã–µ –ø–ª–æ—â–∞–¥–∫–∏ üë®‚Äçüë©‚Äçüëß‚Äçüë¶ –¥–ª—è —É—á–∞—Å—Ç–∏—è –≤ —Å—Ç–∞—Ä–∏–Ω–Ω—ã—Ö —Ä—É—Å—Å–∫–∏—Ö –∑–∞–±–∞–≤–∞—Ö –∏ –∏–≥—Ä–∞—Ö. –ê –≤ —Å–∞–º–æ–º –º—É–∑–µ–µ –í—ã –ø–æ–ª—É—á–∏—Ç–µ —É–Ω–∏–∫–∞–ª—å–Ω—É—é –≤–æ–∑–º–æ–∂–Ω–æ—Å—Ç—å —É–≤–∏–¥–µ—Ç—å —Å–≤–æ–∏–º–∏ –≥–ª–∞–∑–∞–º–∏ –†–∞–±–æ—á–∏–π –∫–∞–±–∏–Ω–µ—Ç –ì–æ—Å—É–¥–∞—Ä—ã–Ω–∏, –µ–µ –ì–∞—Ä–¥–µ—Ä–æ–±–Ω—É—é —Å —Ö—Ä–∞–Ω—è—â–µ–π—Å—è —Ç–∞–º –æ–¥–µ–∂–¥–æ–π üëò, –ö–ª–∞–¥–æ–≤—É—é —Å –ø–æ–¥–∞—Ä–∫–∞–º–∏ –∏ –∑–∞–ø–∞—Å–∞–º–∏ —Å–æ –≤—Å–µ—Ö –∫–æ–Ω—Ü–æ–≤ –∑–µ–º–ª–∏ –∏, –∫–æ–Ω–µ—á–Ω–æ –∂–µ, –¢—Ä–æ–Ω–Ω—ã–π –∑–∞–ª. –õ—É—á—à–∏–µ –ø–æ–≤–∞—Ä–∞ –µ–µ –í–µ–ª–∏—á–µ—Å—Ç–≤–∞ —É–≥–æ—Å—Ç—è—Ç –í–∞—Å —Ç—Ä–∞–¥–∏—Ü–∏–æ–Ω–Ω—ã–º–∏ —Ä—É—Å—Å–∫–∏–º–∏ –∫—É—à–∞–Ω—å—è–º–∏ ü•û –∏–∑ –¥—Ä–æ–≤—è–Ω–æ–π –ø–µ—á–∏, –∞ –ø—Ä–∏–¥–≤–æ—Ä–Ω—ã–µ –∞—Ä—Ç–∏—Å—Ç—ã –Ω–µ –¥–∞–¥—É—Ç –∑–∞—Å–∫—É—á–∞—Ç—å, —Ä–∞–∑—ã–≥—Ä–∞–≤ üéπ—Å—Ü–µ–Ω—ã –∏ –æ–±—Ä—è–¥—ã –ø—Ä–∞–∑–¥–Ω–æ–≤–∞–Ω–∏—è –ú–∞—Å–ª–µ–Ω–∏—Ü—ã. –î–ª—è —Å–∞–º—ã—Ö –º–∞–ª–µ–Ω—å–∫–∏—Ö –≥–æ—Å—Ç–µ–π –º—É–∑–µ–π –ø–æ–¥–≥–æ—Ç–æ–≤–∏–ª –∏–≥—Ä–æ–≤—É—é —Ä–∞–∑–≤–ª–µ–∫–∞—Ç–µ–ª—å–Ω—É—é –ø—Ä–æ–≥—Ä–∞–º–º—É: üîπ —Ä—É—Å—Å–∫–∏–µ –Ω–∞—Ä–æ–¥–Ω—ã–µ –∏–≥—Ä—ã ¬´–ó–æ–ª–æ—Ç—ã–µ –≤–æ—Ä–æ—Ç–∞¬ª; üîπ –∏–≥—Ä–∞ ¬´–†—É—á–µ–µ–∫¬ª; üîπ —É–≤–ª–µ–∫–∞—Ç–µ–ª—å–Ω–∞—è —ç–∫—Å–∫—É—Ä—Å–∏—è –ø–æ –º—É–∑–µ—é. –†–µ–∑–∏–¥–µ–Ω—Ü–∏—è  —Ä–∞—Å–ø–æ–ª–æ–∂–µ–Ω–∞ –Ω–∞ —Ç–µ—Ä—Ä–∏—Ç–æ—Ä–∏–∏  –≥–æ—Å—Ç–∏–Ω–∏—á–Ω–æ-—Ä–µ—Å—Ç–æ—Ä–∞–Ω–Ω–æ–≥–æ –∫–æ–º–ø–ª–µ–∫—Å–∞ ¬´–ò–æ–∞–Ω–Ω –í–∞—Å–∏–ª—å–µ–≤–∏—á¬ª  üç∏ üß≠  –ì–¥–µ:  –≥.   –Ø—Ä–æ—Å–ª–∞–≤–ª—å, –†–µ–≤–æ–ª—é—Ü–∏–æ–Ω–Ω—ã–π –ø—Ä–æ–µ–∑–¥, 14–∞ ‚åõ –ö–æ–≥–¥–∞:  –ü–Ω-–ü—Ç —Å 10.00 –¥–æ 16.00 ‚òé  –ö–æ–Ω—Ç–∞–∫—Ç—ã:  +7 (901) 994-05-14 üí∞ –°—Ç–æ–∏–º–æ—Å—Ç—å:  –≤–∑—Ä–æ—Å–ª—ã–π ‚Äì 300 —Ä—É–±., –¥–µ—Ç–∏ (–¥–æ 14 –ª–µ—Ç) ‚Äì 150 —Ä—É–±., –¥–µ—Ç–∏ –¥–æ 5 –ª–µ—Ç ‚Äì –±–µ—Å–ø–ª–∞—Ç–Ω–æ.  üíª –°–∞–π—Ç:  https://maslenica.info /",https://sun9-37.userapi.com/r9lhKRV-LIdIf5IDqtDi9ED_ei_7l591KZjySw/ZofQ9oRS0JM.jpg,https://sun9-48.userapi.com/OzqU6gxWr4ei84gwWPJO2dlHVSE0OmWoUkzBKw/dljXgAA8CUs.jpg
"–ò—Å—Ç–æ—Ä–∏–∫–æ-–∫—É–ª—å—Ç—É—Ä–Ω—ã–π –∫–æ–º–ø–ª–µ–∫—Å ""–í—è—Ç—Å–∫–æ–µ¬ª","–ò—Å—Ç–æ—Ä–∏–∫–æ-–∫—É–ª—å—Ç—É—Ä–Ω—ã–π –∫–æ–º–ø–ª–µ–∫—Å ¬´–í—è—Ç—Å–∫–æ–µ¬ª –∏–º–µ–Ω–∏ –ï. –ê. –ê–Ω–∫—É–¥–∏–Ω–æ–≤–æ–π  ‚Äî –º—É–∑–µ–π–Ω—ã–π –∫–æ–º–ø–ª–µ–∫—Å, —Ä–∞—Å–ø–æ–ª–æ–∂–µ–Ω–Ω—ã–π –Ω–∞ —Ç–µ—Ä—Ä–∏—Ç–æ—Ä–∏–∏ üèò  —è—Ä–æ—Å–ª–∞–≤—Å–∫–æ–≥–æ —Å–µ–ª–∞ –í—è—Ç—Å–∫–æ–µ . –û–±—ä–µ–∫—Ç –≤—Å–µ–º–∏—Ä–Ω–æ–≥–æ –Ω–∞—Å–ª–µ–¥–∏—è –Æ–ù–ï–°–ö–û –≤ –†–æ—Å—Å–∏–∏. –ü—Ä–æ–µ–∫—Ç –±—ã–ª –Ω–∞—á–∞—Ç –≤ 2008 –≥–æ–¥—É –∏ –ø—Ä–æ–¥–æ–ª–∂–∞–µ—Ç —Ä–∞–∑–≤–∏—Ç–∏–µ –Ω–∞ —Å—Ä–µ–¥—Å—Ç–≤–∞ üí≥, –∏–Ω–≤–µ—Å—Ç–∏—Ä—É–µ–º—ã–µ –ø—Ä–µ–¥–ø—Ä–∏–Ω–∏–º–∞—Ç–µ–ª–µ–º  –û. –ê. –ñ–∞—Ä–æ–≤—ã–º –ú—É–∑–µ–π–Ω—ã–π –∫–æ–º–ø–ª–µ–∫—Å –≤–∫–ª—é—á–∞–µ—Ç –≤ —Å–µ–±—è 12 –æ—Ç–∫—Ä—ã—Ç—ã—Ö –≤ –í—è—Ç—Å–∫–æ–º –º—É–∑–µ–µ–≤ üè£ , 1 —Ñ–∏–ª–∏–∞–ª ¬´–í—è—Ç—Å–∫–æ–≥–æ¬ª –≤ –Ø—Ä–æ—Å–ª–∞–≤–ª–µ ‚Äî  –ú—É–∑–µ–π —Å–æ–≤—Ä–µ–º–µ–Ω–Ω–æ–≥–æ –∏—Å–∫—É—Å—Å—Ç–≤–∞ ¬´–î–æ–º –º—É–∑¬ª  –∏ –±–æ–ª–µ–µ 30 –ø–∞–º—è—Ç–Ω–∏–∫–æ–≤ üóø –∞—Ä—Ö–∏—Ç–µ–∫—Ç—É—Ä—ã. –í  –º—É–∑–µ–π–Ω—ã–π –∫–æ–º–ø–ª–µ–∫—Å –∏—Å—Ç–æ—Ä–∏–∫–æ-–∫—É–ª—å—Ç—É—Ä–Ω–æ–≥–æ –∫–æ–º–ø–ª–µ–∫—Å–∞ ¬´–í—è—Ç—Å–∫–æ–µ¬ª  üèò –≤—Ö–æ–¥—è—Ç –ø–æ—Å—Ç–æ—è–Ω–Ω–æ –¥–µ–π—Å—Ç–≤—É—é—â–∏–µ —ç–∫—Å–ø–æ–∑–∏—Ü–∏–∏: üî∏  –ú—É–∑–µ–π —Ä—É—Å—Å–∫–æ–π –ø—Ä–µ–¥–ø—Ä–∏–∏–º—á–∏–≤–æ—Å—Ç –∏ üî∏  –ú—É–∑–µ–π –≤–æ–∑–≤—Ä–∞—â—ë–Ω–Ω–æ–π —Å–≤—è—Ç—ã–Ω–∏   üî∏  –ú—É–∑–µ–π ¬´–î–æ–º –ì–æ—Ä–æ—Ö–æ–≤–∞¬ª   üî∏  –ú—É–∑–µ–π ¬´–†—É—Å—Å–∫–∞—è –±–∞–Ω—å–∫–∞ –ø–æ-—á—ë—Ä–Ω–æ–º—É¬ª   üî∏  –ú—É–∑–µ–π –∫—É—Ö–æ–Ω–Ω–æ–π –º–∞—à–∏–Ω–µ—Ä–∏–∏   üî∏  –ú—É–∑–µ–π ¬´–î–µ—Ç—Å–∫–∏–π –º–∏—Ä ¬ª üî∏  –ú—É–∑–µ–π-–ü–µ—á–∞—Ç–Ω—è ¬´–°—Ç—Ä–∞–Ω–∏—Ü—ã –∏—Å—Ç–æ—Ä–∏–∏ –ø–µ—á–∞—Ç–Ω–æ–≥–æ –¥–µ–ª–∞ ¬ª üî∏  –ü–æ–ª–∏—Ç–µ—Ö–Ω–∏—á–µ—Å–∫–∏–π –º—É–∑–µ–π   üî∏  –ú—É–∑–µ–π ¬´–î–æ–º –∞–Ω–≥–µ–ª–æ–≤¬ª   üî∏  –ú—É–∑–µ–π ¬´–ù—É–º–µ—Ä–∞ –∫—É–ø—Ü–æ–≤ –±—Ä–∞—Ç—å–µ–≤ –£—Ä–ª–æ–≤—ã—Ö¬ª   üî∏  –ú—É–∑–µ–π ¬´–ó–≤—É–∫–∏ –≤—Ä–µ–º–µ–Ω–∏¬ª   üî∏  –ú—É–∑–µ–π —Ä—É—Å—Å–∫–∏—Ö –∑–∞–±–∞–≤   –í ¬´–í—è—Ç—Å–∫–æ–º¬ª –≤–µ–¥—ë—Ç—Å—è –∫—Ä–∞–µ–≤–µ–¥—á–µ—Å–∫–∞—è –∏ –∏–∑–¥–∞—Ç–µ–ª—å—Å–∫–∞—è üóû —Ä–∞–±–æ—Ç–∞. –ù–∞ –±–∞–∑–µ ¬´–í—è—Ç—Å–∫–æ–≥–æ¬ª –ø—Ä–æ—Ö–æ–¥—è—Ç –∫–æ–Ω—Ñ–µ—Ä–µ–Ω—Ü–∏–∏ –∏ —Å–µ–º–∏–Ω–∞—Ä—ã, –ø–æ—Å–≤—è—â–µ–Ω–Ω—ã–µ —Ä–∞–∑–≤–∏—Ç–∏—é —Ç—É—Ä–∏–∑–º–∞, –º—É–∑–µ–π–Ω–æ–≥–æ –¥–µ–ª–∞, –≤–æ–ø—Ä–æ—Å–∞–º —Å–æ–≤—Ä–µ–º–µ–Ω–Ω–æ–≥–æ –∏—Å–∫—É—Å—Å—Ç–≤–∞.  –ï–∂–µ–≥–æ–¥–Ω–æ –ø—Ä–æ–≤–æ–¥—è—Ç—Å—è —Ñ–µ—Å—Ç–∏–≤–∞–ª–∏ üé§ ¬´–ü—Ä–æ–≤–∏–Ω—Ü–∏—è ‚Äì –¥—É—à–∞ –†–æ—Å—Å–∏–∏¬ª, ¬´–î–Ω–∏ –ù. –ê. –ù–µ–∫—Ä–∞—Å–æ–≤–∞ –≤ –í—è—Ç—Å–∫–æ–º¬ª, –æ—Ä–≥–∞–Ω–∏–∑—É—é—Ç—Å—è –º–∞—Å—Å–æ–≤—ã–µ –≥—É–ª—è–Ω–∏—è –Ω–∞ –ù–æ–≤—ã–π –≥–æ–¥, –ú–∞—Å–ª–µ–Ω–∏—Ü—É –∏ –¥—Ä—É–≥–∏–µ –ø—Ä–∞–∑–¥–Ω–∏–∫–∏.  –í–æ–∑—Ä–æ–∂–¥–∞—é—Ç—Å—è —Ç—Ä–∞–¥–∏—Ü–∏–∏ –º–µ—Å—Ç–Ω—ã—Ö –Ω–∞—Ä–æ–¥–Ω—ã—Ö –ø—Ä–æ–º—ã—Å–ª–æ–≤ –∏ –∏–∑–≤–µ—Å—Ç–Ω–æ–≥–æ –¥–æ—Å–æ–≤–µ—Ç—Å–∫–æ–≥–æ –º–µ—Å—Ç–Ω–æ–≥–æ –±—Ä–µ–Ω–¥–∞ ‚Äì ""–≤—è—Ç—Å–∫–∏—Ö"" ü•í –æ–≥—É—Ä—Ü–æ–≤. –¢—É—Ä–∏—Å—Ç–∏—á–µ—Å–∫–∏–π –ø–æ—Ç–æ–∫ üèò–º—É–∑–µ–π–Ω–æ–≥–æ –∫–æ–º–ø–ª–µ–∫—Å–∞ —Å–æ—Å—Ç–∞–≤–ª—è–µ—Ç –±–æ–ª–µ–µ 100 —Ç—ã—Å. –ø–æ—Å–µ—Ç–∏—Ç–µ–ª–µ–π –≤ –≥–æ–¥. üß≠  –ì–¥–µ:  –Ø—Ä–æ—Å–ª–∞–≤—Å–∫–∞—è –æ–±–ª–∞—Å—Ç—å, –ù–µ–∫—Ä–∞—Å–æ–≤—Å–∫–∏–π —Ä–∞–π–æ–Ω, —Å. –í—è—Ç—Å–∫–æ–µ, —É–ª. –°–æ–≤–µ—Ç—Å–∫–∞—è, –¥. 9 ‚åõ –ö–æ–≥–¥–∞:  –µ–∂–µ–¥–Ω–µ–≤–Ω–æ —Å 10.30 –¥–æ 18.00, –±–µ–∑ –æ–±–µ–¥–∞. ‚òé  –ö–æ–Ω—Ç–∞–∫—Ç—ã:  8 800 302-70-05; +7 929 077-83-60; +7 929 077-83-61; +7 961 160-81-17; +7 929 077-83-54 üí∞ –°—Ç–æ–∏–º–æ—Å—Ç—å:  —É—Ç–æ—á–Ω–∏—Ç—å –ø–æ üìû üíª  –°–∞–π—Ç:  http://–≤—è—Ç—Å–∫–æ–µ-—Å–µ–ª–æ.—Ä—Ñ /",https://sun9-19.userapi.com/vuqMyRUdp9qfUga54npdKnQr0lDJZeHg5DYoQA/ixPWd3UjKQA.jpg,https://sun9-35.userapi.com/Xg2GkDF7Rcmf-liCBYKZh4FBZUtQjsS_WI6Khg/a5Cg0c-gYVQ.jpg
–Ø—Ä–æ—Å–ª–∞–≤—Å–∫–∏–π –≥–æ—Å—É–¥–∞—Ä—Å—Ç–≤–µ–Ω–Ω—ã–π —Ç–µ–∞—Ç—Ä —é–Ω–æ–≥–æ –∑—Ä–∏—Ç–µ–ª—è –∏–º. –í.–°.–†–æ–∑–æ–≤–∞,"–Ø—Ä–æ—Å–ª–∞–≤—Å–∫–∏–π –¢–Æ–ó  üé≠ –±—ã–ª –æ—Å–Ω–æ–≤–∞–Ω –≤ 1984 –≥–æ–¥—É –ø—Ä–∏ –¥–µ—è—Ç–µ–ª—å–Ω–æ–π –ø–æ–¥–¥–µ—Ä–∂–∫–µ –í–∏–∫—Ç–æ—Ä–∞ –°–µ—Ä–≥–µ–µ–≤–∏—á–∞ –†–æ–∑–æ–≤–∞ –∏ –æ—Ç–∫—Ä—ã–ª—Å—è –ø—Ä–µ–º—å–µ—Ä–æ–π —Å–ø–µ–∫—Ç–∞–∫–ª—è –ø–æ –µ–≥–æ –ø—å–µ—Å–µ ¬´–í–µ—á–Ω–æ –∂–∏–≤—ã–µ¬ª. –≠—Ç–æ –±—ã–ª–æ –¥–æ–ª–≥–æ–∂–¥–∞–Ω–Ω–æ–µ —Å–æ–±—ã—Ç–∏–µ –≤ –Ø—Ä–æ—Å–ª–∞–≤–ª–µ üåÜ, –≥–æ—Ä–æ–¥–µ –ø–µ—Ä–≤–æ–≥–æ —Ä—É—Å—Å–∫–æ–≥–æ –ø—Ä–æ—Ñ–µ—Å—Å–∏–æ–Ω–∞–ª—å–Ω–æ–≥–æ —Ç–µ–∞—Ç—Ä–∞. –ó–∞ –ø—Ä–æ—à–µ–¥—à–∏–µ —á–µ—Ç–≤–µ—Ä—Ç—å –≤–µ–∫–∞ –Ω–∞ —Å—Ü–µ–Ω–µ –Ø—Ä–æ—Å–ª–∞–≤—Å–∫–æ–≥–æ –¢–Æ–ó–∞ üé≠ —Å–æ—Å—Ç–æ—è–ª–æ—Å—å 139 –ø—Ä–µ–º—å–µ—Ä. –†–µ–ø–µ—Ä—Ç—É–∞—Ä —Ç–µ–∞—Ç—Ä–∞ ‚Äî —Å–ø–µ–∫—Ç–∞–∫–ª–∏ –¥–ª—è –¥–µ—Ç–µ–π, –ø–æ–¥—Ä–æ—Å—Ç–∫–æ–≤ –∏ —Å—Ç–∞—Ä—à–µ–≥–æ –ø–æ–∫–æ–ª–µ–Ω–∏—è üë®‚Äçüë©‚Äçüëß‚Äçüë¶ . –¢—Ä—É–ø–ø–∞ –Ø—Ä–æ—Å–ª–∞–≤—Å–∫–æ–≥–æ –¢–Æ–ó–∞ üé≠ –ø–æ –ø—Ä–∞–≤—É —Å—á–∏—Ç–∞–µ—Ç—Å—è –æ–¥–Ω–æ–π –∏–∑ —Å–∞–º—ã—Ö –º—É–∑—ã–∫–∞–ª—å–Ω—ã—Ö —Å—Ä–µ–¥–∏ –º–æ–ª–æ–¥–µ–∂–Ω—ã—Ö —Ç–µ–∞—Ç—Ä–æ–≤ –†–æ—Å—Å–∏–∏. –ó–≤—É–∫ –∂–∏–≤–æ–≥–æ –æ—Ä–∫–µ—Å—Ç—Ä–∞, —Å–ª–æ–∂–Ω–æ–µ –º–Ω–æ–≥–æ–≥–æ–ª–æ—Å–Ω–æ–µ –ø–µ–Ω–∏–µ, —è—Ä–∫–∏–µ —Å–æ–ª—å–Ω—ã–µ –Ω–æ–º–µ—Ä–∞ —Å—Ç–∞–ª–∏ —É–∫—Ä–∞—à–µ–Ω–∏–µ–º –º–Ω–æ–≥–∏—Ö —Å–ø–µ–∫—Ç–∞–∫–ª–µ–π —Ç–µ–∞—Ç—Ä–∞. –¢—Ä—É–ø–ø–∞ —Ç–µ–∞—Ç—Ä–∞ –≥–∞—Ä–º–æ–Ω–∏—á–Ω–æ —Å–±–∞–ª–∞–Ω—Å–∏—Ä–æ–≤–∞–Ω–∞ –∏ —Å–æ–µ–¥–∏–Ω—è–µ—Ç —Å—Ç–∞—Ä—à–µ–µ, —Å—Ä–µ–¥–Ω–µ–µ –∏ –º–æ–ª–æ–¥–æ–µ –ø–æ–∫–æ–ª–µ–Ω–∏–µ –∞–∫—Ç–µ—Ä–æ–≤. –°—Ä–µ–¥–∏ –Ω–∏—Ö 6 –∑–∞—Å–ª—É–∂–µ–Ω–Ω—ã—Ö üèÜ –∞—Ä—Ç–∏—Å—Ç–æ–≤ –†–æ—Å—Å–∏–∏ –∏ –Ω–∞—Ä–æ–¥–Ω—ã–π –∞—Ä—Ç–∏—Å—Ç –†–§ –í–∏—Ç–∞–ª–∏–π –°—Ç—É–∂–µ–≤. –í –Ω–∞—Å—Ç–æ—è—â–µ–µ –≤—Ä–µ–º—è —Ç–µ–∞—Ç—Ä –ø–æ–ø–æ–ª–Ω–∏–ª—Å—è –º–æ–ª–æ–¥—ã–º–∏ –∞–∫—Ç–µ—Ä–∞–º–∏-–≤—ã–ø—É—Å–∫–Ω–∏–∫–∞–º–∏, –∫–æ—Ç–æ—Ä—ã–µ –∏–≥—Ä–∞—é—Ç –≤–µ–¥—É—â–∏–µ —Ä–æ–ª–∏ –≤–æ –º–Ω–æ–≥–∏—Ö —Å–ø–µ–∫—Ç–∞–∫–ª—è—Ö. –Ø—Ä–æ—Å–ª–∞–≤—Å–∫–∏–π —Ç–µ–∞—Ç—Ä —é–Ω–æ–≥–æ –∑—Ä–∏—Ç–µ–ª—è —É—á–∞—Å—Ç–Ω–∏–∫ –º–Ω–æ–≥–æ—á–∏—Å–ª–µ–Ω–Ω—ã—Ö —Ä–æ—Å—Å–∏–π—Å–∫–∏—Ö –∏ –º–µ–∂–¥—É–Ω–∞—Ä–æ–¥–Ω—ã—Ö —Ç–µ–∞—Ç—Ä–∞–ª—å–Ω—ã—Ö —Ñ–µ—Å—Ç–∏–≤–∞–ª–µ–π. –°–ø–µ–∫—Ç–∞–∫–ª–∏ –∏ –∞–∫—Ç–µ—Ä—ã —Ç–µ–∞—Ç—Ä–∞ –±—ã–ª–∏ –æ—Ç–º–µ—á–µ–Ω—ã –Ω–∞–≥—Ä–∞–¥–∞–º–∏ üèÜ –Ω–∞ —Ñ–µ—Å—Ç–∏–≤–∞–ª—è—Ö –≤ –ì–µ—Ä–º–∞–Ω–∏–∏, –ü–æ–ª—å—à–µ, –Æ–≥–æ—Å–ª–∞–≤–∏–∏, –ú–æ—Å–∫–≤–µ, –°–∞–Ω–∫—Ç-–ü–µ—Ç–µ—Ä–±—É—Ä–≥–µ –∏ –¥—Ä. –¢–µ–∞—Ç—Ä —à–µ—Å—Ç—å —Ä–∞–∑ —Å—Ç–∞–Ω–æ–≤–∏–ª—Å—è –æ–±–ª–∞–¥–∞—Ç–µ–ª–µ–º –æ–±–ª–∞—Å—Ç–Ω–æ–π —Ç–µ–∞—Ç—Ä–∞–ª—å–Ω–æ–π –ø—Ä–µ–º–∏–∏ –∏–º–µ–Ω–∏ –§. –ì. –í–æ–ª–∫–æ–≤–∞. –í—Å–µ—Ä–æ—Å—Å–∏–π—Å–∫–∏–π —Ç–µ–∞—Ç—Ä–∞–ª—å–Ω—ã–π —Ñ–µ—Å—Ç–∏–≤–∞–ª—å Rozovfest - –≤–∏–∑–∏—Ç–Ω–∞—è –∫–∞—Ä—Ç–æ—á–∫–∞ —Ç–µ–∞—Ç—Ä–∞ üé´. –¢–µ–∞—Ç—Ä —Ç–∞–∫–∂–µ –≤–µ–¥–µ—Ç —à–∏—Ä–æ–∫—É—é –≥—É–º–∞–Ω–∏—Ç–∞—Ä–Ω—É—é –∏ –ø—Ä–æ—Å–≤–µ—Ç–∏—Ç–µ–ª—å—Å–∫—É—é —Ä–∞–±–æ—Ç—É –≤ –≥–æ—Ä–æ–¥–µ –∏ –æ–±–ª–∞—Å—Ç–∏. –û–Ω —É—á–∞—Å—Ç–≤—É–µ—Ç –≤ –ø—Ä–æ–≥—Ä–∞–º–º–µ –ø–æ–¥–¥–µ—Ä–∂–∫–∏ –¥–µ—Ç–µ–π —Å –æ–≥—Ä–∞–Ω–∏—á–µ–Ω–Ω—ã–º–∏ –≤–æ–∑–º–æ–∂–Ω–æ—Å—Ç—è–º–∏, –ø–æ–∫–∞–∑—ã–≤–∞–µ—Ç üé≠ —Å–ø–µ–∫—Ç–∞–∫–ª–∏ –≤ –¥–µ—Ç—Å–∫–∏—Ö –¥–æ–º–∞—Ö, —Å–æ–¥–µ–π—Å—Ç–≤—É–µ—Ç —Ä–µ–∞–±–∏–ª–∏—Ç–∞—Ü–∏–∏ –ø–æ–¥—Ä–æ—Å—Ç–∫–æ–≤, –Ω–∞—Ö–æ–¥—è—â–∏—Ö—Å—è –≤ –º–µ—Å—Ç–∞—Ö –ª–∏—à–µ–Ω–∏—è —Å–≤–æ–±–æ–¥—ã. –í –¢–Æ–ó–µ üé≠ –∏–º–µ–µ—Ç—Å—è –¥–≤–µ —Å—Ü–µ–Ω—ã, –Ω–∞ –∫–æ—Ç–æ—Ä—ã—Ö –∏–¥—É—Ç –ø–æ—Å—Ç–∞–Ω–æ–≤–∫–∏, –∫–∞–∫ –¥–µ—Ç—Å–∫–∏—Ö —Å–ø–µ–∫—Ç–∞–∫–ª–µ–π, —Ç–∞–∫ –∏ –ø—å–µ—Å –¥–ª—è –±–æ–ª–µ–µ –≤–∑—Ä–æ—Å–ª–æ–≥–æ –∑—Ä–∏—Ç–µ–ª—è, –ø–æ—Ä–∞–∂–∞—é—â–∏—Ö —Å–≤–æ–µ–π –∂–∏–≤–æ—Å—Ç—å—é –∏ –ø—Ä–æ–Ω–∏–∫–Ω–æ–≤–µ–Ω–Ω—ã–º –ø—Å–∏—Ö–æ–ª–æ–≥–∏—á–µ—Å–∫–∏–º —Å—é–∂–µ—Ç–æ–º. –°–ø–µ–∫—Ç–∞–∫–ª–∏ –∏–≥—Ä–∞—é—Ç –Ω–∞ –æ–±–µ–∏—Ö —Å—Ü–µ–Ω–∞—Ö. üèõ –¢–µ–∞—Ç—Ä–∞–ª—å–Ω—ã–π –∑–∞–ª —Å–æ–¥–µ—Ä–∂–∏—Ç 750 –º–µ—Å—Ç, –∞ –º–∞–ª—ã–π –∑–∞–ª ‚Äì 100 –º–µ—Å—Ç. üß≠  –ì–¥–µ:  –≥.   –Ø—Ä–æ—Å–ª–∞–≤–ª—å, —É–ª. –°–≤–æ–±–æ–¥—ã, –¥. 23 ‚åõ –ö–æ–≥–¥–∞:  —Ä–∞–±–æ—Ç–∞ –∫–∞—Å—Å—ã ‚Äî –µ–∂–µ–¥–Ω–µ–≤–Ω–æ, 10:00‚Äì19:00, –ø–µ—Ä–µ—Ä—ã–≤ 14:00‚Äì14:30 ‚òé  –ö–æ–Ω—Ç–∞–∫—Ç—ã:  +7 (4852) 30-86-83 üíª –°–∞–π—Ç:  http://www.yartuz.ru /",https://sun9-63.userapi.com/y-VY_331lF1ok8O-RzoPPRQ3YqgJYxbdYoSnlQ/mWElz8IcJBE.jpg,https://sun9-62.userapi.com/I_borRCL3K5mTo4xTsABsh6qQ4OJhvWt3Tt8cg/Tt9Oh7ybQOU.jpg
–ú—É–∑–µ–π –∏—Å—Ç–æ—Ä–∏–∏ –Ø—Ä–æ—Å–ª–∞–≤—Å–∫–æ–≥–æ —à–∏–Ω–Ω–æ–≥–æ –∑–∞–≤–æ–¥–∞,"–ú—É–∑–µ–∏ –ø—Ä–∏ –ø—Ä–µ–¥–ø—Ä–∏—è—Ç–∏—è—Ö ‚Äî –æ—Ç–ª–∏—á–Ω–∞—è –≤–æ–∑–º–æ–∂–Ω–æ—Å—Ç—å –æ–∫—É–Ω—É—Ç—å—Å—è –≤ –ø—Ä–æ—à–ª–æ–µ. –ò  –ú—É–∑–µ–π –∏—Å—Ç–æ—Ä–∏–∏ –Ø—Ä–æ—Å–ª–∞–≤—Å–∫–æ–≥–æ —à–∏–Ω–Ω–æ–≥–æ –∑–∞–≤–æ–¥–∞  üè£ —Ç–æ–º—É –ø–æ–ª–Ω–æ–µ –ø–æ–¥—Ç–≤–µ—Ä–∂–¥–µ–Ω–∏–µ. –û—Ç–∫—Ä—ã—Ç–∏–µ –º—É–∑–µ—è —Å–æ—Å—Ç–æ—è–ª–æ—Å—å 30 –æ–∫—Ç—è–±—Ä—è 2002 –≥–æ–¥–∞ –≤ —á–µ—Å—Ç—å —Å 70-–ª–µ—Ç–∏—è  –Ø—Ä–æ—Å–ª–∞–≤—Å–∫–æ–≥–æ —à–∏–Ω–Ω–æ–≥–æ –∑–∞–≤–æ–¥–∞ .  –Ø—Ä–æ—Å–ª–∞–≤—Å–∫–∏–π —à–∏–Ω–Ω—ã–π –∑–∞–≤–æ–¥  ‚Äî –æ–¥–Ω–æ –∏–∑ —Å—Ç–∞—Ä–µ–π—à–∏—Ö —è—Ä–æ—Å–ª–∞–≤—Å–∫–∏—Ö –ø—Ä–µ–¥–ø—Ä–∏—è—Ç–∏–π ‚ö´, —Å–≤–æ—é –¥–µ—è—Ç–µ–ª—å–Ω–æ—Å—Ç—å –æ–Ω –Ω–∞—á–∞–ª –≤ –¥–∞–ª–µ–∫–æ–º 1932 –≥–æ–¥—É. –ú–µ—Å—Ç–æ –¥–ª—è –ø–µ—Ä–≤–æ–≥–æ –≤ –°–°–°–† –∑–∞–≤–æ–¥–∞ –ø–æ –ø—Ä–æ–∏–∑–≤–æ–¥—Å—Ç–≤—É —à–∏–Ω –≤—ã–±–∏—Ä–∞–ª–∏ –¥–æ–ª–≥–æ, –≤ —Ä–µ–∑—É–ª—å—Ç–∞—Ç–µ –æ—Å—Ç–∞–Ω–æ–≤–∏–≤—à–∏—Å—å –Ω–∞  –ü–æ–ª—É—à–∫–∏–Ω–æ–π —Ä–æ—â–µ  üå≥ ‚Äî –∏–∑–ª—é–±–ª–µ–Ω–Ω–æ–º –º–µ—Å—Ç–µ –æ—Ç–¥—ã—Ö–∞ –≥–æ—Ä–æ–∂–∞–Ω. –ó–∞–≤–æ–¥ —Å—Ç—Ä–æ–∏–ª–∏ –ø—Ä–µ–∏–º—É—â–µ—Å—Ç–≤–µ–Ω–Ω–æ —Å–µ–ª—å—Å–∫–∏–µ –∂–∏—Ç–µ–ª–∏, –∞ –∏–∑ —Ç—Ä–∞–Ω—Å–ø–æ—Ä—Ç–∞ –∏–º–µ–ª–∏—Å—å –≤—Å–µ–≥–æ –ª–∏—à—å 4 –≥—Ä—É–∑–æ–≤—ã–µ –º–∞—à–∏–Ω—ã, —Ç—è–∂–µ–ª—É—é —Ç–µ—Ö–Ω–∏–∫—É –∑–∞–º–µ–Ω—è–ª–∏ –ª–æ—à–∞–¥–∏ üê¥. –ú—É–∑–µ–π –Ø–®–ó –∫–∞–º–µ—Ä–Ω—ã–π, –∫–æ–º–ø–∞–∫—Ç–Ω—ã–π, –≤ –Ω—ë–º –¥–≤–∞ –∑–∞–ª–∞ –∏ –Ω–µ–±–æ–ª—å—à–æ–π —Ö–æ–ª–ª. –û—Å–Ω–æ–≤–Ω–æ–π –∑–∞–ª –∑–Ω–∞–∫–æ–º–∏—Ç –Ω–∞—Å —Å –º–Ω–æ–≥–æ–ª–µ—Ç–Ω–µ–π –∏—Å—Ç–æ—Ä–∏–µ–π –Ø—Ä–æ—Å–ª–∞–≤—Å–∫–æ–≥–æ —à–∏–Ω–Ω–æ–≥–æ –∑–∞–≤–æ–¥–∞, –∞ –º–∞–ª—ã–π –∑–∞–ª –ø–æ–ª–Ω–æ—Å—Ç—å—é –ø–æ—Å–≤—è—â–µ–Ω —Å–æ–≤—Ä–µ–º–µ–Ω–Ω–æ—Å—Ç–∏ –∏ –ê–û ¬´–ö–æ—Ä–¥–∏–∞–Ω—Ç¬ª. –ó–¥–µ—Å—å –¥–µ–π—Å—Ç–≤—É—é—Ç –ø–æ—Å—Ç–æ—è–Ω–Ω—ã–µ —ç–∫—Å–ø–æ–∑–∏—Ü–∏–∏, —Å –∫–æ—Ç–æ—Ä—ã–º–∏ –≤—Å–µ–≥–¥–∞ –º–æ–∂–µ—Ç –æ–∑–Ω–∞–∫–æ–º–∏—Ç—å—Å—è –ª—é–±–æ–π –ø–æ—Å–µ—Ç–∏—Ç–µ–ª—å üë®‚Äçüë©‚Äçüëß‚Äçüë¶ , –∞ —Ç–∞–∫ –∂–µ —Ä–∞–∑–ª–∏—á–Ω—ã–µ –∏–Ω—Ç–µ—Ä–∞–∫—Ç–∏–≤–Ω—ã–µ –≤—Ä–µ–º–µ–Ω–Ω—ã–µ –≤—ã—Å—Ç–∞–≤–∫–∏. –£–¥–∏–≤–∏—Ç–µ–ª—å–Ω—ã–π –º—É–∑–µ–π —Ä–∞—Å—Å–∫–∞–∑—ã–≤–∞–µ—Ç –Ω–µ —Ç–æ–ª—å–∫–æ –æ —à–∏–Ω–Ω–æ–º –ø—Ä–æ–∏–∑–≤–æ–¥—Å—Ç–≤–µ. –í —ç–∫—Å–ø–æ–∑–∏—Ü–∏–∏ –ø—Ä–µ–¥—Å—Ç–∞–≤–ª–µ–Ω–∞ –≤—Å—è –Ω–µ–ª–µ–≥–∫–∞—è –∂–∏–∑–Ω—å –≤—Ä–µ–º–µ–Ω –°–æ–≤–µ—Ç—Å–∫–æ–≥–æ —Å–æ—é–∑–∞ üö© . –ó–¥–µ—Å—å –Ω–∞ —á–µ—Ä–Ω–æ-–±–µ–ª—ã—Ö —Å–æ–≤–µ—Ç—Å–∫–∏—Ö –∏ –Ω–∞ —è—Ä–∫–∏—Ö —Å–æ–≤—Ä–µ–º–µ–Ω–Ω—ã—Ö —Ñ–æ—Ç–æ–≥—Ä–∞—Ñ–∏—è—Ö –ø–æ–∫–∞–∑–∞–Ω—ã –ø—Ä–æ–∏–∑–≤–æ–¥—Å—Ç–≤–µ–Ω–Ω—ã–µ –ø–æ–±–µ–¥—ã –∏ —Ç—Ä—É–¥–Ω–æ—Å—Ç–∏ –ø—Ä–æ—à–ª–æ–≥–æ –∏ –¥–æ—Å—Ç–∏–∂–µ–Ω–∏—è –Ω–∞—Å—Ç–æ—è—â–µ–≥–æ. –ú—É–∑–µ–π —Å—Ç–∞–ª –≥–æ—Ä–¥–æ—Å—Ç—å—é –∑–∞–≤–æ–¥—á–∞–Ω –∏ –Ω–µ–æ—Ç—ä–µ–º–ª–µ–º–æ–π —á–∞—Å—Ç—å—é –æ–±—â–µ—Å—Ç–≤–µ–Ω–Ω–æ–π üé§ –∂–∏–∑–Ω–∏ –∑–∞–≤–æ–¥–∞ –∏ –≥–æ—Ä–æ–¥–∞. –û–Ω –≤–æ—Å–ø—Ä–∏–Ω–∏–º–∞–µ—Ç—Å—è —à–∏–Ω–Ω–∏–∫–∞–º–∏ –∫–∞–∫ —Å–≤–æ–µ–æ–±—Ä–∞–∑–Ω—ã–π –∫—É–ª—å—Ç—É—Ä–Ω—ã–π —Ü–µ–Ω—Ç—Ä –∑–∞–≤–æ–¥—Å–∫–æ–π –∂–∏–∑–Ω–∏, –∫–∞–∫ –ø—Ä–æ—Å—Ç—Ä–∞–Ω—Å—Ç–≤–æ, –æ—Ç–∫—Ä—ã—Ç–æ–µ –¥–ª—è —Ç–≤–æ—Ä—á–µ—Å–∫–æ–π —Ä–µ–∞–ª–∏–∑–∞—Ü–∏–∏. –ó–∞ –ø–æ—Å–ª–µ–¥–Ω–∏–µ –Ω–µ—Å–∫–æ–ª—å–∫–æ –ª–µ—Ç –º—É–∑–µ–π –ø–æ–ª—é–±–∏–ª–∏ –∞–∫—Ç–∏–≤–∏—Å—Ç—ã –ú–æ–ª–æ–¥—ë–∂–Ω–æ–≥–æ —Å–æ–≤–µ—Ç–∞ –∑–∞–≤–æ–¥–∞: –∑–¥–µ—Å—å –ø—Ä–æ–≤–æ–¥—è—Ç—Å—è —Ç—Ä–∞–¥–∏—Ü–∏–æ–Ω–Ω—ã–µ –¥–µ—Ç—Å–∫–∏–µ –ø—Ä–∞–∑–¥–Ω–∏–∫–∏, —Ç–∞–∫–∏–µ –∫–∞–∫ –ù–æ–≤—ã–π –≥–æ–¥ üéÑ –∏ –ü—Ä–∞–∑–¥–Ω–∏–∫ –ø–µ—Ä–≤–æ–∫–ª–∞—Å—Å–Ω–∏–∫–∞.. üß≠  –ì–¥–µ:  –≥.   –Ø—Ä–æ—Å–ª–∞–≤–ª—å, —É–ª. –°–æ–≤–µ—Ç—Å–∫–∞—è, 81 ‚åõ –ö–æ–≥–¥–∞:  –ü–Ω-–ü—Ç 8:00‚Äì17:00, –ø–µ—Ä–µ—Ä—ã–≤ 12:00‚Äì13:00 ‚òé  –ö–æ–Ω—Ç–∞–∫—Ç—ã:  8 (485) 279-16-09 –§–µ–π—Å–±—É–∫:   https://www.facebook.com/yashzmuseum/  ",https://sun9-33.userapi.com/jmp7Pk6FU3x7upGMAEXdYAU16Jf3dSa4S9cuyA/ZbfeNvzPyL0.jpg,https://sun9-15.userapi.com/kMqCnWAuJdhheGRS0T-6h6QRDSax5WuwixuADg/VL20af0zhyw.jpg
–ú–£–ó–ï–ô –†–£–°–°–ö–û–ì–û –ù–ê–¶–ò–û–ù–ê–õ–¨–ù–û–ì–û –ü–ò–°–¨–ú–ê –≤ –Ø—Ä–æ—Å–ª–∞–≤–ª–µ,"–í 2020 –≥–æ–¥—É –≤ –Ø—Ä–æ—Å–ª–∞–≤–ª–µ üåÜ —Å–æ—Å—Ç–æ—è–ª–æ—Å—å –æ—Ç–∫—Ä—ã—Ç–∏–µ –ø–µ—Ä–≤–æ–≥–æ –≤ –†–æ—Å—Å–∏–∏  ¬´–ú–£–ó–ï–Ø –†–£–°–°–ö–û–ì–û –ù–ê–¶–ò–û–ù–ê–õ–¨–ù–û–ì–û –ü–ò–°–¨–ú–ê¬ª ‚úí –ú—É–∑–µ–π üè£ —Å–æ–∑–¥–∞–≤–∞–ª—Å—è —Å–∏–ª–∞–º–∏ –ø—Ä–µ–ø–æ–¥–∞–≤–∞—Ç–µ–ª–µ–π, —Ä–æ–¥–∏—Ç–µ–ª–µ–π –∏ —É—á–∞—â–∏—Ö—Å—è –∞–≤—Ç–æ—Ä—Å–∫–æ–π —à–∫–æ–ª—ã –Æ—Ä–∏—è –ò–≤–∞–Ω–æ–≤–∏—á–∞ –ê—Ä—É—Ü–µ–≤–∞ ¬´–†—É—Å—Å–∫–∞—è –ö–∞–ª–ª–∏–≥—Ä–∞—Ñ–∏—è –∏ –í—è–∑—å¬ª üìù   –ü–µ—Ä–≤—ã–º–∏ —ç–∫—Å–ø–æ–Ω–∞—Ç–∞–º–∏ –º—É–∑–µ—è —Å—Ç–∞–ª–∏ –ø–∏—à—É—â–∏–µ –ø—Ä–∏–Ω–∞–¥–ª–µ–∂–Ω–æ—Å—Ç–∏ –ø—Ä–æ—à–µ–¥—à–∏—Ö —Å—Ç–æ–ª–µ—Ç–∏–π, –æ—Å—Ç—Ä–æ–∫–æ–Ω–µ—á–Ω—ã–µ –ø–µ—Ä—å—è ‚úí –∏ –¥–µ—Ä–∂–∞—Ç–µ–ª–∏ –∫ –Ω–∏–º –ø—Ä–æ–∏–∑–≤–æ–¥—Å—Ç–≤–∞ —è—Ä–æ—Å–ª–∞–≤—Å–∫–æ–≥–æ –∑–∞–≤–æ–¥–∞ ¬´–û—Ä–≥—Ç–µ—Ö–Ω–∏–∫–∞¬ª, —á–µ—Ä–Ω–∏–ª—å–Ω–∏—Ü—ã, —É—á–µ–Ω–∏—á–µ—Å–∫–∏–µ —Ç–µ—Ç—Ä–∞–¥–∏ XX —Å—Ç–æ–ª–µ—Ç–∏—è, —Ä–µ–¥–∫–∏–µ –∫–Ω–∏–≥–∏ –∏ —É–Ω–∏–∫–∞–ª—å–Ω—ã–µ –∫–∞–ª–ª–∏–≥—Ä–∞—Ñ–∏—á–µ—Å–∫–∏–µ üìú —Ä–∞–±–æ—Ç—ã –º–∞—Å—Ç–µ—Ä–æ–≤ —à–∫–æ–ª—ã. –í –Ω–∞—Å—Ç–æ—è—â–µ–µ –≤—Ä–µ–º—è –≤ –º—É–∑–µ–µ —É—á—Ç–µ–Ω–æ –±–æ–ª–µ–µ 500 —ç–∫—Å–ø–æ–Ω–∞—Ç–æ–≤. –ö–æ–ª–ª–µ–∫—Ü–∏—è –º—É–∑–µ—è —Å—Ñ–æ—Ä–º–∏—Ä–æ–≤–∞–Ω–∞ –ø–æ –Ω–µ—Å–∫–æ–ª—å–∫–∏–º üìú üìú üìú —ç–∫—Å–ø–æ–∑–∏—Ü–∏—è–º: üîπ ¬´–ü–∞—Ä–∞–¥–Ω–æ–µ –ø–∏—Å—å–º–æ¬ª ‚úâ. –ü—Ä–µ–¥—Å—Ç–∞–≤–ª–µ–Ω–æ –±–æ–ª–µ–µ 200 –∫–∞–ª–ª–∏–≥—Ä–∞—Ñ–∏—á–µ—Å–∫–∏—Ö —Ä–∞–±–æ—Ç —É—á–∞—â–∏—Ö—Å—è —à–∫–æ–ª—ã –∏ –º–∞—Å—Ç–µ—Ä–æ–≤ –∫–∞–ª–ª–∏–≥—Ä–∞—Ñ–∏–∏. üîπ ¬´–ò—Å–∫—É—Å—Å—Ç–≤–æ –º–æ–Ω–æ–≥—Ä–∞–º–º—ã¬ª. –ü—Ä–µ–¥—Å—Ç–∞–≤–ª–µ–Ω–æ –æ–∫–æ–ª–æ 50 —Ä–∞–±–æ—Ç –º–∞—Å—Ç–µ—Ä–æ–≤ —à–∫–æ–ª—ã. üîπ ¬´–ö–∞–ª–ª–∏–≥—Ä–∞—Ñ–∏—è –ø–æ —Ñ–æ—Ç–æ–≥—Ä–∞—Ñ–∏–∏¬ª üñº. –ù–æ–≤–æ–µ –Ω–∞–ø—Ä–∞–≤–ª–µ–Ω–∏–µ –≤ –∏—Å–∫—É—Å—Å—Ç–≤–µ —Ä—É—á–Ω–æ–≥–æ –ø–∏—Å—å–º–∞. –ü—Ä–µ–¥—Å—Ç–∞–≤–ª–µ–Ω–æ –ø—è—Ç—å —É–Ω–∏–∫–∞–ª—å–Ω—ã—Ö —Ä–∞–±–æ—Ç –æ—Å–Ω–æ–≤–∞—Ç–µ–ª—è —à–∫–æ–ª—ã. üîπ ¬´–Ø—Ä–æ—Å–ª–∞–≤—Å–∫–∞—è –≤—è–∑—å¬ª. –ù–æ–≤–æ–µ –Ω–∞–ø—Ä–∞–≤–ª–µ–Ω–∏–µ –≤ –∏—Å–∫—É—Å—Å—Ç–≤–µ —Ä—É—Å—Å–∫–æ–π –≤—è–∑–∏, –ø–æ–ª—É—á–∏–≤—à–µ–µ —Ä–∞–∑–≤–∏—Ç–∏–µ —Å –∫–æ–Ω—Ü–∞ 90-—Ö –≥–æ–¥–æ–≤. –ü—Ä–µ–¥—Å—Ç–∞–≤–ª–µ–Ω–æ 25 üìú —É–Ω–∏–∫–∞–ª—å–Ω—ã—Ö —Ä–∞–±–æ—Ç –º–∞—Å—Ç–µ—Ä–æ–≤ —à–∫–æ–ª—ã. üîπ ¬´–ú–æ—è –∑–æ–ª–æ—Ç–∞—è –ø–æ–¥–ø–∏—Å—å¬ª. –ù–æ–≤–æ–µ –Ω–∞–ø—Ä–∞–≤–ª–µ–Ω–∏–µ –≤ –∏—Å–∫—É—Å—Å—Ç–≤–µ —Ä–∞–∑—Ä–∞–±–æ—Ç–∫–∏ –ª–∏—á–Ω–æ–π –ø–æ–¥–ø–∏—Å–∏ ‚öú . –ü—Ä–µ–¥—Å—Ç–∞–≤–ª–µ–Ω–æ –æ–∫–æ–ª–æ —Å—Ç–∞ —É–Ω–∏–∫–∞–ª—å–Ω—ã—Ö —Ä–∞–∑—Ä–∞–±–æ—Ç–æ–∫ –ø–æ–¥–ø–∏—Å–∏ –≥—Ä–∞–∂–¥–∞–Ω –†–æ—Å—Å–∏–∏ –∏ –∑–∞—Ä—É–±–µ–∂—å—è. üîπ ¬´–ë–∏–±–ª–∏–æ—Ç–µ–∫–∞ –∫–∞–ª–ª–∏–≥—Ä–∞—Ñ–∞¬ª. –°–æ–±—Ä–∞–Ω–∏–µ –∫–Ω–∏–≥ üìö , –≤ —Ç–æ–º —á–∏—Å–ª–µ —Ä–µ–¥–∫–∏—Ö, –ø–æ –∏—Å–∫—É—Å—Å—Ç–≤—É –ø–∏—Å—å–º–∞ , –µ–≥–æ –∏—Å—Ç–æ—Ä–∏–∏ –∏ —ç–≤–æ–ª—é—Ü–∏–∏, –∞–≤—Ç–æ—Ä—Å–∫–∏—Ö –º–µ—Ç–æ–¥–∏–∫ –ø—Ä–µ–ø–æ–¥–∞–≤–∞–Ω–∏—è —á–∏—Å—Ç–æ–ø–∏—Å–∞–Ω–∏—è –∏ –∫–∞–ª–ª–∏–≥—Ä–∞—Ñ–∏–∏ –≤—ã–ø—É—Å–∫–Ω–∏–∫–æ–≤ —à–∫–æ–ª—ã. –í –º—É–∑–µ–µ –±—É–¥—É—Ç –ø—Ä–æ–≤–æ–¥–∏—Ç—å—Å—è —Ä–µ–≥–∏–æ–Ω–∞–ª—å–Ω—ã–µ –∏ –º–µ–∂–¥—É–Ω–∞—Ä–æ–¥–Ω—ã–µ –≤—ã—Å—Ç–∞–≤–∫–∏ –∫–∞–ª–ª–∏–≥—Ä–∞—Ñ–∏–∏ üñä , –∫–æ–Ω—Ñ–µ—Ä–µ–Ω—Ü–∏–∏, —É—á–µ–±–Ω—ã–µ —Å–µ–º–∏–Ω–∞—Ä—ã –∏ –ª–µ–∫—Ü–∏–æ–Ω–Ω—ã–µ üìù –∫—É—Ä—Å—ã –ø–æ –∏—Å—Ç–æ—Ä–∏–∏ —Ä—É—Å—Å–∫–æ–π –ø–∏—Å—å–º–µ–Ω–Ω–æ—Å—Ç–∏, –ø–µ–¥–∞–≥–æ–≥–∏–∫–µ, —Ñ–∏–ª–æ–ª–æ–≥–∏–∏, —Ñ–∏–∑–∏–æ–ª–æ–≥–∏–∏ –ø–∏—Å—å–º–∞ –∏ —Å–æ—Ö—Ä–∞–Ω–µ–Ω–∏–∏ –∑–¥–æ—Ä–æ–≤—å—è –¥–µ—Ç–µ–π –∏ —é–Ω–æ—à–µ—Å—Ç–≤–∞. –í –Ω–∞—Å—Ç–æ—è—â–µ–µ –≤—Ä–µ–º—è —É–∂–µ –ø—Ä–æ–≤–æ–¥—è—Ç—Å—è –º–∞—Å—Ç–µ—Ä-–∫–ª–∞—Å—Å—ã –ø–æ –∫–∞–ª–ª–∏–≥—Ä–∞—Ñ–∏–∏ ‚úí . üß≠  –ì–¥–µ:  –≥.   –Ø—Ä–æ—Å–ª–∞–≤–ª—å, —É–ª. –¢—Ä–µ—Ñ–æ–ª–µ–≤–∞, –¥.11 ‚åõ –ö–æ–≥–¥–∞:  –ø–Ω,–≤—Ç,—Å—Ä,—á—Ç,—Å–±,–≤—Å 12:00‚Äì19:00 (—ç–∫—Å–∫—É—Ä—Å–∏–∏ –ø–æ –ø—Ä–µ–¥–≤–∞—Ä–∏—Ç–µ–ª—å–Ω–æ–π –∑–∞—è–≤–∫–µ) üí∞ –°—Ç–æ–∏–º–æ—Å—Ç—å:  –≠–∫—Å–∫—É—Ä—Å–∏–∏: –≥—Ä—É–ø–ø—ã –¥–æ 15 —á–µ–ª. ‚Äî 2000 —Ä—É–±., –¥–æ 30 —á–µ–ª. ‚Äî 3000 —Ä—É–±. –ú–∞—Å—Ç–µ—Ä-–∫–ª–∞—Å—Å: –≥—Ä—É–ø–ø—ã –¥–æ 15 —á–µ–ª. ‚Äî 3000 —Ä—É–±. –≠–∫—Å–∫—É—Ä—Å–∏—è —Å –ø—Ä–æ–≤–µ–¥–µ–Ω–∏–µ–º –º–∞—Å—Ç–µ—Ä-–∫–ª–∞—Å—Å–∞ –¥–ª—è —Å–µ–º—å–∏ ‚Äî 250 —Ä—É–±./—á–µ–ª. –ò–Ω–≤–∞–ª–∏–¥—ã –∏ –¥–µ—Ç–∏ –¥–æ—à–∫–æ–ª—å–Ω–æ–≥–æ –≤–æ–∑—Ä–∞—Å—Ç–∞ ‚Äî –±–µ—Å–ø–ª–∞—Ç–Ω–æ. ‚òé  –ö–æ–Ω—Ç–∞–∫—Ç—ã:  +7 903 828-88-23 –°–ø–∞—Å–∏–±–æ –±–æ–ª—å—à–æ–µ –∑–∞ –∏—Å–ø–æ–ª—å–∑—É–µ–º—ã–π –º–∞—Ç–µ—Ä–∏–∞–ª  https://privatemuseums.ru",https://sun9-53.userapi.com/QIJ1W1FGCtA4XjixIve_6cwUVPfW7HBk_j6wqg/FfnB7tnt-OA.jpg,https://sun9-18.userapi.com/_6jJQlHX4udio0OT4LzA2dKAu7ZnPTJlEztQkw/_sA2JRSMk30.jpg
–£–ß–ï–ë–ù–´–ô –¢–ï–ê–¢–† –Ø–ì–¢–ò,"–£—á–µ–±–Ω—ã–π —Ç–µ–∞—Ç—Ä –Ø–ì–¢–ò  ‚Äï–ø–µ—Ä–≤–∞—è –ø—Ä–æ—Ñ–µ—Å—Å–∏–æ–Ω–∞–ª—å–Ω–∞—è —Å—Ü–µ–Ω–∞, –Ω–∞ –∫–æ—Ç–æ—Ä–æ–π —Ä–∞—Å–∫—Ä—ã–≤–∞—é—Ç —Å–≤–æ–∏ —Å–ø–æ—Å–æ–±–Ω–æ—Å—Ç–∏ –±—É–¥—É—â–∏–µ –∞–∫—Ç–µ—Ä—ã. –ó–¥–µ—Å—å –∏ –ø–µ—Ä–≤–∞—è —Ä–æ–ª—å, –∏ –ø–µ—Ä–≤—ã–π —É—Å–ø–µ—Ö, –∏ –ø–µ—Ä–≤–æ–µ –∑—Ä–∏—Ç–µ–ª—å—Å–∫–æ–µ –ø—Ä–∏–∑–Ω–∞–Ω–∏–µ. –ï–∂–µ–≥–æ–¥–Ω–æ –Ω–∞ —Å—Ü–µ–Ω–µ –£—á–µ–±–Ω–æ–≥–æ üé≠ —Ç–µ–∞—Ç—Ä–∞ –≤—ã–ø—É—Å–∫–∞—é—Ç—Å—è —Å–ø–µ–∫—Ç–∞–∫–ª–∏, –∫–æ—Ç–æ—Ä—ã–µ —Å—Ç–∞–Ω–æ–≤—è—Ç—Å—è —è—Ä–∫–∏–º–∏ —Å–æ–±—ã—Ç–∏—è–º–∏ –≤ —Ç–µ–∞—Ç—Ä–∞–ª—å–Ω–æ–π –∂–∏–∑–Ω–∏ –Ø—Ä–æ—Å–ª–∞–≤–ª—è üåá   –¢–µ–∞—Ç—Ä, –æ—Å–Ω–∞—â–µ–Ω–Ω—ã–π —Å–æ–≤—Ä–µ–º–µ–Ω–Ω–æ–π –∑–≤—É–∫–æ–≤–æ–π üéõ –∏ —Å–≤–µ—Ç–æ–≤–æ–π –∞–ø–ø–∞—Ä–∞—Ç—É—Ä–æ–π, —Å—Ç–∞–ª —Å–∞–º–æ–π —Å–æ–≤—Ä–µ–º–µ–Ω–Ω–æ–π –∫–∞–º–µ—Ä–Ω–æ–π —Ç–µ–∞—Ç—Ä–∞–ª—å–Ω–æ–π —Å—Ü–µ–Ω–æ–π –Ø—Ä–æ—Å–ª–∞–≤–ª—è. –Ø—Ä–æ—Å–ª–∞–≤—Å–∫–∏–π –≥–æ—Å—É–¥–∞—Ä—Å—Ç–≤–µ–Ω–Ω—ã–π —Ç–µ–∞—Ç—Ä–∞–ª—å–Ω—ã–π –∏–Ω—Å—Ç–∏—Ç—É—Ç  —Å—É—â–µ—Å—Ç–≤—É–µ—Ç –≤ –Ø—Ä–æ—Å–ª–∞–≤–ª–µ —É–∂–µ —Å–æ—Ä–æ–∫ –ª–µ—Ç. –ò–∑–Ω–∞—á–∞–ª—å–Ω–æ –±—ã–ª —É—á–∏–ª–∏—â–µ–º –ø—Ä–∏ —Ç–µ–∞—Ç—Ä–µ üè£ –∏–º. –í–æ–ª–∫–æ–≤–∞, –ø–æ—Ç–æ–º —Å—Ç–∞–ª –∏–Ω—Å—Ç–∏—Ç—É—Ç–æ–º - —Ö–æ—Ä–æ—à–æ –∏–∑–≤–µ—Å—Ç–Ω–æ–π –≤ –†–æ—Å—Å–∏–∏ —Ç–µ–∞—Ç—Ä–∞–ª—å–Ω–æ–π —à–∫–æ–ª–æ–π.  –î–∏–ø–ª–æ–º–Ω—ã–µ –ø–æ—Å—Ç–∞–Ω–æ–≤–∫–∏ —Å—Ç—É–¥–µ–Ω—Ç—ã –ø—Ä–µ–¥—Å—Ç–∞–≤–ª—è—é—Ç –Ω–∞ —Å–∫—Ä–æ–º–Ω–æ–π, –æ–¥–Ω–∞–∫–æ –≥–æ—Ä—è—á–æ –ª—é–±–∏–º–æ–π –≥–æ—Ä–æ–∂–∞–Ω–∞–º–∏ —Å—Ü–µ–Ω–µ –£—á–µ–±–Ω–æ–≥–æ —Ç–µ–∞—Ç—Ä–∞ üé≠. –£—á–µ–±–Ω—ã–π —Ç–µ–∞—Ç—Ä –Ω–µ –æ–±–ª–∞–¥–∞–µ—Ç –ø–æ—Å—Ç–æ—è–Ω–Ω–æ–π —Ç—Ä—É–ø–ø–æ–π, –∞ —Ä–µ–ø–µ—Ä—Ç—É–∞—Ä –∫–∞–∂–¥—ã–π –≥–æ–¥ –∑–∞–º–µ–Ω—è—Ç—Å—è –ø—Ä–∞–∫—Ç–∏—á–µ—Å–∫–∏ –ø–æ–ª–Ω–æ—Å—Ç—å—é.  –¢–µ–∞—Ç—Ä –ø—Ä–µ–¥—Å—Ç–∞–≤–ª—è–µ—Ç –∫—É–∫–æ–ª—å–Ω—ã–µ üë∫ —Å–ø–µ–∫—Ç–∞–∫–ª–∏, –¥—Ä–∞–º–∞—Ç–∏—á–µ—Å–∫–∏–µ –ø–æ—Å—Ç–∞–Ω–æ–≤–∫–∏, –º—É–∑—ã–∫–∞–ª—å–Ω–æ-–¥—Ä–∞–º–∞—Ç–∏—á–µ—Å–∫–∏–µ, –∞ —Ç–∞–∫–∂–µ –∏ —ç—Å—Ç—Ä–∞–¥–Ω—ã–µ. –ù–∞ —Å—Ü–µ–Ω–µ —Ç–µ–∞—Ç—Ä–∞ –µ—Å—Ç—å –≤–æ–∑–º–æ–∂–Ω–æ—Å—Ç—å —É–≤–∏–¥–µ—Ç—å –ø—Ä–æ–∏–∑–≤–µ–¥–µ–Ω–∏—è –º–∞–ª–æ –∏–∑–≤–µ—Å—Ç–Ω—ã—Ö –∞–≤—Ç–æ—Ä–æ–≤ –∏ –ø–æ—Å—Ç–∞–Ω–æ–≤–∫–∏ —Å–∞–º—ã—Ö –∑–Ω–∞–º–µ–Ω–∏—Ç—ã—Ö –∫–ª–∞—Å—Å–∏—á–µ—Å–∫–∏—Ö –ø—Ä–æ–∏–∑–≤–µ–¥–µ–Ω–∏–π. –° –ø–µ—Ä–∏–æ–¥–∏—á–Ω–æ—Å—Ç—å—é —á–µ—Ä–µ–∑ –≥–æ–¥ (—á—ë—Ç–Ω—ã–µ –≥–æ–¥–∞), –≤–µ—Å–Ω–æ–π, —Ç–µ–∞—Ç—Ä üé≠ –ø—Ä–µ–≤—Ä–∞—â–∞–µ—Ç—Å—è –≤ –∞—Ä–µ–Ω—É –≤—Å—Ç—Ä–µ—á –±—É–¥—É—â–∏—Ö —Ç–µ–∞—Ç—Ä–∞–ª—å–Ω—ã—Ö —Ç–∞–ª–∞–Ω—Ç–æ–≤ –†–æ—Å—Å–∏–∏: –Ω–∞ —Å—Ü–µ–Ω—É –≤—Å—Ç—É–ø–∞–µ—Ç —Ñ–µ—Å—Ç–∏–≤–∞–ª—å üèÜ –ø–æ–¥ –Ω–∞–∑–≤–∞–Ω–∏–µ–º ¬´–ü–æ–¥–∏—É–º¬ª, —Å–æ–±–∏—Ä–∞—é—â–∏–π –≤—Å–µ —Ç–µ–∞—Ç—Ä–∞–ª—å–Ω—ã–µ –í–£–ó—ã –∏ –æ—Ç–¥–µ–ª–µ–Ω–∏—è –†–æ—Å—Å–∏–∏, –∫–æ—Ç–æ—Ä—ã–µ –ø—Ä–µ–¥—Å—Ç–∞–≤—è—Ç –ª—É—á—à–∏–µ –∞–≤—Ç–æ—Ä—Å–∫–∏–µ —Å–ø–µ–∫—Ç–∞–∫–ª–∏. üß≠  –ì–¥–µ:  –≥.   –Ø—Ä–æ—Å–ª–∞–≤–ª—å, —É–ª. –î–µ–ø—É—Ç–∞—Ç—Å–∫–∞—è, 15/43 ‚åõ –ö–æ–≥–¥–∞:  –ø–Ω-–ø—Ç 11:00‚Äì16:00 ‚òé  –ö–æ–Ω—Ç–∞–∫—Ç—ã:  +7 (4852) 30-41-89 üíª –°–∞–π—Ç:  http://www.theatrins-yar.ru/afisha /",https://sun9-53.userapi.com/i0Y1LngqRZ3zy__oainy2l2om4PgOTdwDxdKpQ/4eXivq84yGo.jpg,https://sun9-51.userapi.com/qLWUrQ_SKEFTiqq3I2fPMGtUwgUsXq5cMF3wQA/d55Tzv3jPK4.jpg
–Ø—Ä–æ—Å–ª–∞–≤—Å–∫–∏–π –ì–æ—Å—É–¥–∞—Ä—Å—Ç–≤–µ–Ω–Ω—ã–π –¢–µ–∞—Ç—Ä –ö—É–∫–æ–ª,"–Ø—Ä–æ—Å–ª–∞–≤—Å–∫–∏–π —Ç–µ–∞—Ç—Ä –∫—É–∫–æ–ª  üé≠ —Å–æ–∑–¥–∞–Ω —Ç–µ–∞—Ç—Ä–∞–ª—å–Ω—ã–º —Ä–µ–∂–∏—Å—Å–µ—Ä–æ–º –∏ –ø–µ–¥–∞–≥–æ–≥–æ–º –ú–∞—Ä–∏–µ–π –°–ª–æ–±–æ–¥—Å–∫–æ–π 1 –º–∞—Ä—Ç–∞ 1927 –≥–æ–¥–∞, –∏ —è–≤–ª—è–µ—Ç—Å—è –æ–¥–Ω–∏–º –∏–∑ —Å—Ç–∞—Ä–µ–π—à–∏—Ö –¥–µ—Ç—Å–∫–∏—Ö —Ç–µ–∞—Ç—Ä–æ–≤ –†–æ—Å—Å–∏–∏. –ê —Ä–∞—Å–ø–æ–ª–æ–∂–µ–Ω –æ–Ω –Ω–∞ –æ–¥–Ω–æ–π –∏–∑ —Å–∞–º—ã—Ö –º–æ–ª–æ–¥—ã—Ö –ø–ª–æ—â–∞–¥–µ–π –≥–æ—Ä–æ–¥–∞ - –ø–ª–æ—â–∞–¥–∏ –Æ–Ω–æ—Å—Ç–∏ –≤  –æ–¥–Ω–æ–º –∑–¥–∞–Ω–∏–∏  —Å  –¢–µ–∞—Ç—Ä–æ–º —é–Ω–æ–≥–æ –∑—Ä–∏—Ç–µ–ª—è . –¢–µ–∞—Ç—Ä —Å—Ç–∞–≤–∏—Ç –ø—å–µ—Å—ã —Ä–∞–∑–Ω—ã—Ö –∂–∞–Ω—Ä–æ–≤ –∏ —Ç–µ–∞—Ç—Ä–∞–ª—å–Ω—ã—Ö —Ñ–æ—Ä–º. –í  –∞—Ñ–∏—à–µ  üìú —Ç–µ–∞—Ç—Ä–∞ –±–æ–ª–µ–µ –¥–≤–∞–¥—Ü–∞—Ç–∏ —Å–ø–µ–∫—Ç–∞–∫–ª–µ–π –¥–ª—è –¥–µ—Ç–µ–π —Å–∞–º–æ–≥–æ —Ä–∞–∑–Ω–æ–≥–æ –≤–æ–∑—Ä–∞—Å—Ç–∞. –ê–≤—Ç–æ—Ä–∞–º–∏ —Å–∫–∞–∑–æ–∫, –ø–æ –∫–æ—Ç–æ—Ä—ã–º –∏–¥—É—Ç –ø–æ—Å—Ç–∞–Ω–æ–≤–∫–∏, —è–≤–∏–ª–∏—Å—å –ê. –°. –ü—É—à–∫–∏–Ω, –û. –£–∞–π–ª—å–¥, –ì. –•. –ê–Ω–¥–µ—Ä—Å–µ–Ω üßö‚Äç‚ôÄÔ∏è , –ê. –ü–æ–≥–æ—Ä–µ–ª—å—Å–∫–∏–π –∏ –¥—Ä—É–≥–∏–µ –ø–æ–ø—É–ª—è—Ä–Ω—ã–µ –∞–≤—Ç–æ—Ä—ã. –ö—É–∫–æ–ª—å–Ω–∏–∫–∏ –¥–∞—é—Ç —Å–ø–µ–∫—Ç–∞–∫–ª–∏ –∫–∞–∫ –≤ —É—é—Ç–Ω–æ–º –∑–∞–ª–µ –Ω–∞ –º–∞–ª–µ–Ω—å–∫–æ–π —Å—Ü–µ–Ω–µ, —Ç–∞–∫ –∏ ""–ù–∞ –∑–æ–ª–æ—Ç–æ–º –∫—Ä—ã–ª—å—Ü–µ"", –≥–¥–µ —É –¥–µ—Ç–µ–π üë®‚Äçüë©‚Äçüëß‚Äçüë¶ –ø–æ—è–≤–ª—è–µ—Ç—Å—è –≤–æ–∑–º–æ–∂–Ω–æ—Å—Ç—å –ø–æ–±—ã—Ç—å –≤ —Ç–µ—Å–Ω–æ–º –∫–æ–Ω—Ç–∞–∫—Ç–µ —Å –∫—É–∫–ª–∞–º–∏. –¢–µ–∞—Ç—Ä üé≠ –≤—ã–ø—É—Å–∫–∞–µ—Ç –Ω–µ –º–µ–Ω–µ–µ —á–µ—Ç—ã—Ä–µ—Ö –Ω–æ–≤—ã—Ö —Å–ø–µ–∫—Ç–∞–∫–ª–µ–π –∑–∞ —Å–µ–∑–æ–Ω. –ü—Ä–∏—á–µ–º –≤ —Ç—Ä–∞–¥–∏—Ü–∏—è—Ö —Ç–µ–∞—Ç—Ä–∞ - –≤—Å–µ–≥–¥–∞ –ø–æ–æ—â—Ä—è—Ç—å –∏ —Ä–∞–∑–≤–∏–≤–∞—Ç—å —Ç–≤–æ—Ä—á–µ—Å–∫—É—é –∏–Ω–∏—Ü–∏–∞—Ç–∏–≤—É —Å–∞–º–∏—Ö –∞–∫—Ç–µ—Ä–æ–≤, –¥–∞–≤–∞—è –≤–æ–∑–º–æ–∂–Ω–æ—Å—Ç—å –∏ –∏–∑—ã—Å–∫–∏–≤–∞—è —Å—Ä–µ–¥—Å—Ç–≤–∞ –Ω–∞ —Ö—É–¥–æ–∂–µ—Å—Ç–≤–µ–Ω–Ω—ã–π —ç–∫—Å–ø–µ—Ä–∏–º–µ–Ω—Ç. –ë–µ–∑—É—Å–ª–æ–≤–Ω—ã–º–∏ –ø–æ—Å—Ç–∞–Ω–æ–≤–æ—á–Ω—ã–º–∏ —É–¥–∞—á–∞–º–∏ —Å—Ç–∞–ª–∏ —Ä–∞–±–æ—Ç—ã –∞–∫—Ç–µ—Ä–æ–≤ —Ç–µ–∞—Ç—Ä–∞ –ê. –ë–µ–ª–∫–æ–≤–∞ ""–û–¥–Ω–∞–∂–¥—ã –Ω–∞ –î–∏–∫–æ–º –ó–∞–ø–∞–¥–µ"", ""–ù–µ—É–≥–æ–º–æ–Ω–Ω–∞—è —Å–µ–º–µ–π–∫–∞"", –Ø. –£–∑–µ–Ω—é–∫–∞ (—Å —É—á–∞—Å—Ç–∏–µ–º –í.–ë–æ—Ä–∏—Å–æ–≤–∞) ""–ì—É—Å–∏-–ª–µ–±–µ–¥–∏"" ü¶Ü . –¢–µ–∞—Ç—Ä üé≠ –∞–∫—Ç–∏–≤–Ω–æ –≥–∞—Å—Ç—Ä–æ–ª–∏—Ä—É–µ—Ç –∏ –ø—Ä–∏–Ω–∏–º–∞–µ—Ç —É—á–∞—Å—Ç–∏–µ –≤ –º–µ–∂–¥—É–Ω–∞—Ä–æ–¥–Ω—ã—Ö —Ñ–µ—Å—Ç–∏–≤–∞–ª—è—Ö –≤ –ü–æ–ª—å—à–µ, –†—É–º—ã–Ω–∏–∏, –ì–µ—Ä–º–∞–Ω–∏–∏, –ê–≤—Å—Ç—Ä–∏–∏, –ì–æ–ª–ª–∞–Ω–¥–∏–∏, –ù–æ—Ä–≤–µ–≥–∏–∏, –§–∏–Ω–ª—è–Ω–¥–∏–∏, –í–µ–ª–∏–∫–æ–±—Ä–∏—Ç–∞–Ω–∏–∏, –°–®–ê, –ò–Ω–¥–∏–∏, –ò–∑—Ä–∞–∏–ª–µ, –ö–∏–ø—Ä–µ üåê . üß≠  –ì–¥–µ:  –≥. –Ø—Ä–æ—Å–ª–∞–≤–ª—å, –°–≤–æ–±–æ–¥—ã —É–ª.23 ‚åõ –ö–æ–≥–¥–∞:  —Å 10:00 –¥–æ 18:00 –±–µ–∑ –≤—ã—Ö–æ–¥–Ω—ã—Ö, –æ–±–µ–¥ —Å 14:00 –¥–æ 14:30 ‚òé  –ö–æ–Ω—Ç–∞–∫—Ç—ã:  +7(4852) 72-63-03 üíª –°–∞–π—Ç:   http://www.yatk.yaroslavl.ru/   üí∞ –ë–∏–ª–µ—Ç—ã:  250 —Ä—É–±. –í–∏—Ä—Ç—É–∞–ª—å–Ω—ã–π —Ç—É—Ä  –ø–æ –º—É–∑–µ—é  http://pano7.virt-city.com/2/",https://sun9-76.userapi.com/x8K9jofCf_EujtV53bF1sNVKNkK4AZk7pnz-5Q/1f9lYvOksr8.jpg,https://sun9-76.userapi.com/JovRt6z7XSWfwisnfbWgoLQKTs8jb4DnrENmyg/piIZzu8fshI.jpg
–Ø—Ä–æ—Å–ª–∞–≤—Å–∫–∏–π –ö–∞–º–µ—Ä–Ω—ã–π –¢–µ–∞—Ç—Ä –ø–æ–¥ —Ä—É–∫–æ–≤–æ–¥—Å—Ç–≤–æ–º –í. –í–æ—Ä–æ–Ω—Ü–æ–≤–∞,"–Ø—Ä–æ—Å–ª–∞–≤—Å–∫–∏–π –∫–∞–º–µ—Ä–Ω—ã–π —Ç–µ–∞—Ç—Ä  üé≠ –ø–æ–¥ —Ä—É–∫–æ–≤–æ–¥—Å—Ç–≤–æ–º –í–ª–∞–¥–∏–º–∏—Ä–∞ –í–æ—Ä–æ–Ω—Ü–æ–≤–∞ –ø–æ—è–≤–∏–ª—Å—è –≤ –º–∞—Ä—Ç–µ 1999 –≥–æ–¥–∞. –ü–æ—Å—Ç–∞–Ω–æ–≤–∫–∏ –ø—Ä–æ—Ö–æ–¥—è—Ç –≤ –∑–¥–∞–Ω–∏–∏ –≥–∞–ª–µ—Ä–µ–∏ —Å–æ–≤—Ä–µ–º–µ–Ω–Ω–æ–≥–æ –∏—Å–∫—É—Å—Å—Ç–≤–∞ ¬´–ê—Ä—Å-—Ñ–æ—Ä—É–º¬ª, –≥–¥–µ –¥–ª—è –Ω–∏—Ö –æ—Ç–≤–µ–¥—ë–Ω –Ω–µ–±–æ–ª—å—à–æ–π –∑–∞–ª (100 –º–µ—Å—Ç). –ò—Å—Ç–æ—Ä–∏—è –≤–æ–∑–Ω–∏–∫–Ω–æ–≤–µ–Ω–∏—è —Ç–µ–∞—Ç—Ä–∞ –æ—á–µ–Ω—å –Ω–µ–æ–±—ã—á–Ω–∞. –í 1999 –≥–æ–¥—É –≤ –Ø—Ä–æ—Å–ª–∞–≤–ª–µ üåÜ –∞–∫—Ç—ë—Ä –∏ –±–∏–∑–Ω–µ—Å–º–µ–Ω  –Æ—Ä–∏–π –í–∞–∫—Å–º–∞–Ω , –∞–∫—Ç—ë—Ä  –Ø—Ä–æ—Å–ª–∞–≤—Å–∫–æ–≥–æ –¢–Æ–ó–∞   –í–ª–∞–¥–∏–º–∏—Ä –ì—É—Å–µ–≤  –∏ —Ä–µ–∂–∏—Å—Å—ë—Ä –∏ –ø–µ–¥–∞–≥–æ–≥  –í–ª–∞–¥–∏–º–∏—Ä –í–æ—Ä–æ–Ω—Ü–æ–≤  –ø–æ—Å—Ç–∞–≤–∏–ª–∏ –ø—å–µ—Å—É –∞–º–µ—Ä–∏–∫–∞–Ω—Å–∫–æ–≥–æ –¥—Ä–∞–º–∞—Ç—É—Ä–≥–∞ –ü–∏—Ç–µ—Ä–∞ –°—É—ç—Ç–∞ ¬´–ò–Ω—Ç–µ—Ä–≤—å—é¬ª üé§.  –ò–∑-–∑–∞ –æ—Ç—Å—É—Ç—Å—Ç–≤–∏—è —Å–ø–µ—Ü–∏–∞–ª—å–Ω–æ–≥–æ –ø–æ–º–µ—â–µ–Ω–∏—è —Ä–µ–ø–µ—Ç–∏—Ä–æ–≤–∞—Ç—å –ø—Ä–∏—Ö–æ–¥–∏–ª–æ—Å—å –≤ –Ω–µ—Ä–∞–±–æ—á–µ–µ –≤—Ä–µ–º—è –≤ –∫–∞—Ñ–µ ¬´–ê–∫—Ç—ë—Ä¬ª, –∫–æ—Ç–æ—Ä–æ–µ –ø—Ä–∏–Ω–∞–¥–ª–µ–∂–∞–ª–æ –Æ—Ä–∏—é –í–∞–∫—Å–º–∞–Ω—É. –°–ø–µ–∫—Ç–∞–∫–ª—å –∏–º–µ–ª —É—Å–ø–µ—Ö –≤ –Ø—Ä–æ—Å–ª–∞–≤–ª–µ, –∞ –≤ 2000 –≥–æ–¥—É, –ø–æ–∫–∞–∑–∞–Ω–Ω—ã–π –≤–Ω–µ –∫–æ–Ω–∫—É—Ä—Å–Ω–æ–π –ø—Ä–æ–≥—Ä–∞–º–º—ã, –±—ã–ª —É–¥–æ—Å—Ç–æ–µ–Ω –•—Ä—É—Å—Ç–∞–ª—å–Ω–æ–≥–æ –∫—É–±–∫–∞ üèÜ IV –ú–æ—Å–∫–æ–≤—Å–∫–æ–≥–æ –ú–µ–∂–¥—É–Ω–∞—Ä–æ–¥–Ω–æ–≥–æ —Ç–µ–∞—Ç—Ä–∞–ª—å–Ω–æ-—Ç–µ–ª–µ–≤–∏–∑–∏–æ–Ω–Ω–æ–≥–æ —Ñ–µ—Å—Ç–∏–≤–∞–ª—è ¬´–ê—Ä—Ç–∏—Å—Ç –∫–æ–Ω—Ü–∞ XX –≤–µ–∫–∞¬ª –≤ —á–µ—Ç—ã—Ä—ë—Ö –Ω–æ–º–∏–Ω–∞—Ü–∏—è—Ö. –í 2006 –≥–æ–¥—É —Å–ø–µ–∫—Ç–∞–∫–ª—å ¬´–î–æ–Ω –ö–∏—Ö–æ—Ç ‚Äî –≤–µ—Ä—Å–∏—è —É–º–∞–ª–∏—à–µ–Ω–Ω—ã—Ö¬ª –±—ã–ª –ø—Ä–∏–∑–Ω–∞–Ω –ª—É—á—à–∏–º –Ω–∞ –º–µ–∂–¥—É–Ω–∞—Ä–æ–¥–Ω—ã–π —Ç–µ–∞—Ç—Ä–∞–ª—å–Ω–æ–º —Ñ–µ—Å—Ç–∏–≤–∞–ª–µ ¬´–û—Ç–∫—Ä—ã—Ç–æ–µ –ø—Ä–æ—Å—Ç—Ä–∞–Ω—Å—Ç–≤–æ —Ç–µ–∞—Ç—Ä–æ–≤¬ª. –í –∏—Ç–æ–≥–µ –ø–æ—è–≤–∏–ª—Å—è –ö–∞–º–µ—Ä–Ω—ã–π —Ç–µ–∞—Ç—Ä üé≠ : —Ä–µ–∂–∏—Å—Å–µ—Ä ""–ò–Ω—Ç–µ—Ä–≤—å—é"" –í–ª–∞–¥–∏–º–∏—Ä –í–æ—Ä–æ–Ω—Ü–æ–≤ —Å—Ç–∞–ª –µ–≥–æ —Ö—É–¥–æ–∂–µ—Å—Ç–≤–µ–Ω–Ω—ã–º —Ä—É–∫–æ–≤–æ–¥–∏—Ç–µ–ª–µ–º, –Æ—Ä–∏–π –í–∞–∫—Å–º–∞–Ω ‚Äì –¥–∏—Ä–µ–∫—Ç–æ—Ä–æ–º, –∞ –í–ª–∞–¥–∏–º–∏—Ä –ì—É—Å–µ–≤ –≤–æ—à–µ–ª –≤ –æ—Å–Ω–æ–≤–Ω–æ–π —Å–æ—Å—Ç–∞–≤ —Ç—Ä—É–ø–ø—ã. –í—Å–∫–æ—Ä–µ —É —Ç–µ–∞—Ç—Ä–∞ –ø–æ—è–≤–∏–ª–∞—Å—å —Å–æ–±—Å—Ç–≤–µ–Ω–Ω–∞—è —Å—Ü–µ–Ω–∞ ‚Äî –∑–¥–∞–Ω–∏–µ –±—ã–≤—à–µ–≥–æ –∫–∏–Ω–æ—Ç–µ–∞—Ç—Ä–∞ ¬´–ê—Ä—Å¬ª üè£ . –ó–∞ –≤—Ä–µ–º—è —Å—É—â–µ—Å—Ç–≤–æ–≤–∞–Ω–∏—è —Ç–µ–∞—Ç—Ä–∞ üé≠ –∏–º –±—ã–ª–æ –ø—Ä–æ–≤–µ–¥–µ–Ω–æ 4 –º–µ–∂–¥—É–Ω–∞—Ä–æ–¥–Ω—ã—Ö —Ç–µ–∞—Ç—Ä–∞–ª—å–Ω—ã—Ö —Ñ–µ—Å—Ç–∏–≤–∞–ª—è (–≤ —Ç–æ–º —á–∏—Å–ª–µ —Ñ–µ—Å—Ç–∏–≤–∞–ª—å ¬´–ó–æ–ª–æ—Ç–∞—è –∫—Ä—ã—à–∞¬ª), –≤ –∫–æ—Ç–æ—Ä—ã—Ö –ø—Ä–∏–Ω—è–ª–∏ —É—á–∞—Å—Ç–∏–µ –±–æ–ª–µ–µ 30 –ø—Ä–æ—Ñ–µ—Å—Å–∏–æ–Ω–∞–ª—å–Ω—ã—Ö —Ç–µ–∞—Ç—Ä–æ–≤. –¢–µ–∞—Ç—Ä –≥–∞—Å—Ç—Ä–æ–ª–∏—Ä—É–µ—Ç –≤ –°–∞–Ω–∫—Ç-–ü–µ—Ç–µ—Ä–±—É—Ä–≥–µ –∏ –ú–æ—Å–∫–≤–µ, –∞ —Ç–∞–∫–∂–µ –∑–∞ —Ä—É–±–µ–∂–æ–º üåê . üß≠  –ì–¥–µ:  –≥. –Ø—Ä–æ—Å–ª–∞–≤–ª—å, —É–ª. –°–≤–µ—Ä–¥–ª–æ–≤–∞, –¥. 9 ‚åõ –ö–æ–≥–¥–∞:  –µ–∂–µ–¥–Ω–µ–≤–Ω–æ, 12:00‚Äì19:00 ‚òé  –ö–æ–Ω—Ç–∞–∫—Ç—ã:  +7 4852 30-56-45, +7 4852 28-56-45, +7 4852 72-92-74 üí∞ –°—Ç–æ–∏–º–æ—Å—Ç—å:  —É—Ç–æ—á–Ω–∏—Ç—å –ø–æ üìû",https://sun9-64.userapi.com/uCnDR29q3CMIAl51JK52Aa7BWkDghgW2in4iAg/7240QUsHTRE.jpg,https://sun9-37.userapi.com/i6_axnKRAFLzrgbo9sqN9qsrNkoyQwgAbL2L5A/mmwNeqbO_2w.jpg
"–°–¢–£–î–ò–Ø –ö–£–ö–û–õ ""–ï–ñ–ò–ö–ò¬ª","–°—Ç—É–¥–∏—è –∫—É–∫–æ–ª ¬´–Å–ñ–ò–ö–ò¬ª  ü¶î ü¶î  ‚Äî —Ç–µ–∞—Ç—Ä–∞–ª—å–Ω–∞—è –º–∞—Å—Ç–µ—Ä—Å–∫–∞—è (—Ç–µ–∞—Ç—Ä –∫—É–∫–æ–ª) –¥–ª—è –¥–µ—Ç–µ–π –∏ –≤–∑—Ä–æ—Å–ª—ã—Ö. –ü—Ä–µ–¥—Å—Ç–∞–≤–ª—è—é—Ç —Å—Ç—É–¥–∏—é –¥–≤–∞ –∞–∫—Ç—ë—Ä–∞: –ó–∞—Å–ª—É–∂–µ–Ω–Ω—ã–π –∞—Ä—Ç–∏—Å—Ç –†–§ –Ø—Ä–æ—Å–ª–∞–≤ –£–∑–µ–Ω—é–∫ –∏ –∞—Ä—Ç–∏—Å—Ç –î–∞–Ω–∏–ª –ú–æ—Ä–æ–∑–æ–≤. –í –∑–∞–ª–µ, —Ä–∞—Å—Å—á–∏—Ç–∞–Ω–Ω–æ–º –Ω–∞ 50 —á–µ–ª–æ–≤–µ–∫, –æ–Ω–∏ —Å—Ç–∞–≤—è—Ç —Å–ø–µ–∫—Ç–∞–∫–ª–∏ üé≠ –ø–æ –æ—Ä–∏–≥–∏–Ω–∞–ª—å–Ω—ã–º –ø—å–µ—Å–∞–º: ¬´–ü–µ—Ç—Ä—É—à–∫–∏–Ω—ã –∏—Å—Ç–æ—Ä–∏–∏¬ª, ¬´–°–≤–∏—Å—Ç–∞—Ç—å –≤—Å–µ—Ö –Ω–∞ –≤–µ—Ä—Ö¬ª, ¬´–ö–∞–∫ –≤–∞–ª–µ–Ω–∫–∏ –∑–µ–º–ª—é –≥—Ä–µ–ª–∏¬ª, ¬´–ú—ã —à–∞–≥–∞–µ–º –ø–æ –ø–ª–∞–Ω–µ—Ç–µ¬ª üåê, ¬´–ò–ª—å—è –ú—É—Ä–æ–º–µ—Ü¬ª –∏ –º–Ω–æ–≥–æ–µ –¥—Ä—É–≥–æ–µ. –ê –≤ –Ω–µ–∫–æ—Ç–æ—Ä—ã—Ö —Å–ø–µ–∫—Ç–∞–∫–ª—è—Ö —Å–∫–∞–∑–æ—á–Ω—ã–µ –∏—Å—Ç–æ—Ä–∏–∏ –∞—Ä—Ç–∏—Å—Ç–∞–º –ø–æ–º–æ–≥–∞—é—Ç —Ä–∞–∑—ã–≥—Ä—ã–≤–∞—Ç—å –∑—Ä–∏—Ç–µ–ª–∏-–¥–µ—Ç–∏ üë®‚Äçüë©‚Äçüëß‚Äçüë¶, –∏ –æ—Ç —ç—Ç–æ–≥–æ –æ–±—Å—Ç–∞–Ω–æ–≤–∫–∞ –∏ –≤–æ–≤—Å–µ –Ω–∞—á–∏–Ω–∞–µ—Ç –Ω–∞–ø–æ–º–∏–Ω–∞—Ç—å –¥–æ–º–∞—à–Ω–∏–µ —Å–µ–º–µ–π–Ω—ã–µ –ø—Ä–µ–¥—Å—Ç–∞–≤–ª–µ–Ω–∏—è.  –í —Å—Ç—É–¥–∏–∏ –ø—Ä–æ–≤–æ–¥—è—Ç—Å—è –º–∞—Å—Ç–µ—Ä-–∫–ª–∞—Å—Å—ã –¥–ª—è –¥–µ—Ç–µ–π –∏ —Ä–æ–¥–∏—Ç–µ–ª–µ–π –ø–æ –∏–∑–≥–æ—Ç–æ–≤–ª–µ–Ω–∏—é –∫—É–∫–æ–ª –∏ –∏–≥—Ä—É—à–µ–∫. –ü—Ä–æ–≤–æ–¥—è—Ç –∏—Ö —Ö—É–¥–æ–∂–Ω–∏–∫–∏ üë©‚Äçüé® , –Ω–∞—Å—Ç–æ—è—â–∏–µ –º–∞—Å—Ç–µ—Ä–∞ —Å–≤–æ–µ–≥–æ –¥–µ–ª–∞. –î–ª—è –¥–µ—Ç–µ–π –æ—Ä–≥–∞–Ω–∏–∑—É—é—Ç—Å—è –ø—Ä–∞–∑–¥–Ω–∏–∫–∏ ü•≥ , –∏–Ω—Ç–µ—Ä–∞–∫—Ç–∏–≤–Ω—ã–µ —ç–∫—Å–∫—É—Ä—Å–∏–∏, —á–∞–µ–ø–∏—Ç–∏—è ‚òï –∏ –¥–∞–∂–µ –¥–∏—Å–∫–æ—Ç–µ–∫–∏. üß≠  –ì–¥–µ:  –≥. –Ø—Ä–æ—Å–ª–∞–≤–ª—å, —É–ª. –°–≤–æ–±–æ–¥—ã, –¥. 56/35 ‚åõ –ö–æ–≥–¥–∞:  –∏–Ω—Ñ–æ—Ä–º–∞—Ü–∏—è –ø–æ   üìû ‚òé  –ö–æ–Ω—Ç–∞–∫—Ç—ã:  +7 (910) 965 75 75 üíª –°–∞–π—Ç:   https://kukly-egiki.ru / üí∞ –ë–∏–ª–µ—Ç—ã:  250 —Ä—É–±.",https://sun9-19.userapi.com/vIKwVf-GFKE1yWlWKhSmJYcFxca_HnJgRcf6BQ/44YEuIXoyGo.jpg,https://sun9-66.userapi.com/BL6ZDWiBggKqDOticfQWK9PsTY0TauMImOrC8Q/19LCX1-2--U.jpg
–ü–∞—Ä–∫ –Ω–∞ –°—Ç—Ä–µ–ª–∫–µ,"–ü–∞—Ä–∫ –Ω–∞ –°—Ç—Ä–µ–ª–∫–µ  ‚Äî –ø–∞—Ä–∫ –≤  –∏—Å—Ç–æ—Ä–∏—á–µ—Å–∫–æ–º —Ü–µ–Ω—Ç—Ä–µ   –Ø—Ä–æ—Å–ª–∞–≤–ª—è . –û–¥–Ω–∞ –∏–∑ –≥–ª–∞–≤–Ω—ã—Ö –¥–æ—Å—Ç–æ–ø—Ä–∏–º–µ—á–∞—Ç–µ–ª—å–Ω–æ—Å—Ç–µ–π –≥–æ—Ä–æ–¥–∞ üåÜ. –°—Ç—Ä–µ–ª–∫–æ–π –≤  –Ø—Ä–æ—Å–ª–∞–≤–ª–µ  –Ω–∞–∑—ã–≤–∞—é—Ç –Ω–µ–±–æ–ª—å—à–æ–π –ø–æ–ª—É–æ—Å—Ç—Ä–æ–≤ üèû –≤ –º–µ—Å—Ç–µ, –≥–¥–µ —Ä–µ–∫–∞ –ö–æ—Ç–æ—Ä–æ—Å–ª—å –≤–ø–∞–¥–∞–µ—Ç –≤ –í–æ–ª–≥—É. –≠—Ç–æ –º–µ—Å—Ç–æ, –≥–¥–µ –≤ XI –≤–µ–∫–µ –Ω–∞ –∫—Ä—É—Ç–æ–º 20-–º–µ—Ç—Ä–æ–≤–æ–º –±–µ—Ä–µ–≥—É, –∑–∞—â–∏—â–µ–Ω–Ω–æ–º —Å —Ç—Ä–µ—Ö —Å—Ç–æ—Ä–æ–Ω –≤–æ–¥–æ–π, –Ø—Ä–æ—Å–ª–∞–≤–ª—å –ú—É–¥—Ä—ã–π –ø–æ–≤–µ–ª–µ–ª –æ—Å–Ω–æ–≤–∞—Ç—å –≥–æ—Ä–æ–¥, –≥–¥–µ –ø–æ—Å—Ç—Ä–æ–∏–ª–∏ –∫—Ä–µ–ø–æ—Å—Ç—å üè∞ ‚Äî –∫—Ä–µ–º–ª—å. –î–æ –Ω–∞—à–∏—Ö –¥–Ω–µ–π –∏–∑ —Å—Ç–∞—Ä–∏–Ω–Ω—ã—Ö —Å—Ç—Ä–æ–µ–Ω–∏–π –ø–æ—á—Ç–∏ –Ω–∏—á–µ–≥–æ –Ω–µ —Å–æ—Ö—Ä–∞–Ω–∏–ª–æ—Å—å, –æ–¥–Ω–∞–∫–æ –±–ª–∞–≥–æ–¥–∞—Ä—è –∞—Ä—Ö–µ–æ–ª–æ–≥–∞–º –º–æ–∂–Ω–æ –¥–æ–≤–æ–ª—å–Ω–æ —Ç–æ—á–Ω–æ —Ä–∞—Å—Å–∫–∞–∑–∞—Ç—å, –∫–∞–∫ –≤—ã–≥–ª—è–¥–µ–ª–∞ –°—Ç—Ä–µ–ª–∫–∞ –≤ –°—Ä–µ–¥–Ω–∏–µ –≤–µ–∫–∞, –≥–¥–µ –Ω–∞—Ö–æ–¥–∏–ª–∏—Å—å –∫–Ω—è–∂–µ—Å–∫–∏–µ –ø–∞–ª–∞—Ç—ã, –¥–æ–º–∞ –∑–Ω–∞—Ç–∏ üè§. –°–µ–π—á–∞—Å –Ω–∞ –°—Ç—Ä–µ–ª–∫–µ –Ω–∞—Ö–æ–¥–∏—Ç—Å—è –±–æ–ª—å—à–æ–π –ø–∞—Ä–∫ üå≥, –æ–±–Ω–æ–≤–ª–µ–Ω–Ω—ã–π –∏ –±–ª–∞–≥–æ—É—Å—Ç—Ä–æ–µ–Ω–Ω—ã–π –∫ 1000-–ª–µ—Ç–Ω–µ–º—É —é–±–∏–ª–µ—é –¥—Ä–µ–≤–Ω–µ–≥–æ –≥–æ—Ä–æ–¥–∞ ‚Äî –≤ 2010 –≥–æ–¥—É —Ç–∞–º –ø–æ—è–≤–∏–ª–∏—Å—å —Å–≤–µ—Ç–æ–º—É–∑—ã–∫–∞–ª—å–Ω—ã–µ ‚õ≤ —Ñ–æ–Ω—Ç–∞–Ω—ã –∏ –∫–ª—É–º–±—ã. –ü–æ—á—Ç–∏ –Ω–∞ ‚Äú–æ—Å—Ç—Ä–∏–µ‚Äù –°—Ç—Ä–µ–ª–∫–∏ –≤ —Ç–æ—Ç –∂–µ –≥–æ–¥ —É—Å—Ç–∞–Ω–æ–≤–∏–ª–∏ –ø–∞–º—è—Ç–Ω–∏–∫ 1000-–ª–µ—Ç–∏—é –Ø—Ä–æ—Å–ª–∞–≤–ª—è ‚Äî 20-–º–µ—Ç—Ä–æ–≤—É—é —Å—Ç–µ–ª—É üóº, –≤–æ–∫—Ä—É–≥ –ø–æ—Å—Ç–∞–º–µ–Ω—Ç–∞ –∫–æ—Ç–æ—Ä–æ–π —Ä–∞—Å–ø–æ–ª–æ–∂–∏–ª–∏—Å—å —Ñ–∏–≥—É—Ä—ã –∫–Ω—è–∑—è, —Å–≤—è—â–µ–Ω–Ω–∏–∫–∞, –ª–µ—Ç–æ–ø–∏—Å—Ü–∞, –≤–æ–∏–Ω–æ–≤ –∏ –∂–µ–Ω—â–∏–Ω—ã —Å —Ä–µ–±–µ–Ω–∫–æ–º. –ü–∞—Ä–∫ –Ω–∞ –°—Ç—Ä–µ–ª–∫–µ  —Å–æ—Å—Ç–æ–∏—Ç –∏–∑ –¥–≤—É—Ö –ø–∞—Ä—Ç–µ—Ä–æ–≤: –≤–µ—Ä—Ö–Ω–∏–π ‚Äî –Ω–∞ –º–µ—Å—Ç–µ –±—ã–≤—à–µ–≥–æ –†—É–±–ª–µ–Ω–Ω–æ–≥–æ –≥–æ—Ä–æ–¥–∞; –Ω–∏–∂–Ω–∏–π ‚Äî –Ω–∞ –º–µ—Å—Ç–µ –ø–µ—Å—á–∞–Ω–æ–π –∫–æ—Å—ã, –ø—Ä–µ–≤—Ä–∞—â–µ–Ω–Ω–æ–π –≤ –ø—Ä–æ–≥—É–ª–æ—á–Ω—É—é –∞–ª–ª–µ—é üå≥. –û—Å–Ω–æ–≤–Ω—ã–µ –¥–æ—Å—Ç–æ–ø—Ä–∏–º–µ—á–∞—Ç–µ–ª—å–Ω–æ—Å—Ç–∏: üîπ  –ü–∞–º—è—Ç–Ω–∏–∫ 1000-–ª–µ—Ç–∏—é –Ø—Ä–æ—Å–ª–∞–≤–ª—è  - –æ—Å–Ω–æ–≤–Ω–∞—è –∑—Ä–∏—Ç–µ–ª—å–Ω–∞—è –¥–æ–º–∏–Ω–∞–Ω—Ç–∞ –≤–æ–ª–∂—Å–∫–æ–π –ø–µ—Ä—Å–ø–µ–∫—Ç–∏–≤—ã –°—Ç—Ä–µ–ª–∫–∏. [1]  –£—Å—Ç–∞–Ω–æ–≤–ª–µ–Ω –≤ 2010 –≥–æ–¥—É. üîπ  –°–∫—É–ª—å–ø—Ç—É—Ä–∞ ¬´–¢—Ä–æ–∏—Ü–∞¬ª  - –µ–¥–∏–Ω—Å—Ç–≤–µ–Ω–Ω—ã–π –≤ –†–æ—Å—Å–∏–∏ –ø–∞–º—è—Ç–Ω–∏–∫, –∏–∑–æ–±—Ä–∞–∂–∞—é—â–∏–π  –°–≤—è—Ç—É—é –¢—Ä–æ–∏—Ü—É . –í–æ–∑–¥–≤–∏–≥–Ω—É—Ç–∞ –≤ —á–µ—Å—Ç—å —Ç—ã—Å—è—á–µ–ª–µ—Ç–∏—è  –∫—Ä–µ—â–µ–Ω–∏—è –†—É—Å–∏  –Ω–∞ –º–µ—Å—Ç–µ —Ä–∞–∑—Ä—É—à–µ–Ω–Ω–æ–≥–æ –≤ 30-–µ –≥–æ–¥—ã –∞–ª—Ç–∞—Ä—è  –£—Å–ø–µ–Ω—Å–∫–æ–≥–æ —Å–æ–±–æ—Ä–∞ . –í–æ –≤—Ä–µ–º—è –≤–æ—Å—Å—Ç–∞–Ω–æ–≤–ª–µ–Ω–∏—è —Å–æ–±–æ—Ä–∞ –±—ã–ª–∞ –ø–µ—Ä–µ–Ω–µ—Å–µ–Ω–∞ –±–ª–∏–∂–µ –∫ –Ω–∞–±–µ—Ä–µ–∂–Ω–æ–π. –≠—Ç–∞ –∫–æ–º–ø–æ–∑–∏—Ü–∏—è –≤—Å–ª–µ–¥—Å—Ç–≤–∏–µ —Å—Ç—Ä–∞–Ω–Ω—ã—Ö —Ñ–æ—Ä–º —É –∞–Ω–≥–µ–ª–æ–≤ –≤—ã–∑—ã–≤–∞–µ—Ç –Ω–µ–ø—Ä–∏—è—Ç–∏–µ —É —á–∞—Å—Ç–∏ —è—Ä–æ—Å–ª–∞–≤—Ü–µ–≤. ¬´–¢—Ä–æ–∏—Ü–∞¬ª —ç—Ç–æ –ø–æ–ø—ã—Ç–∫–∞ –ø—Ä–µ–¥—Å—Ç–∞–≤–∏—Ç—å –≤ –≤–∏–¥–µ —Å–∫—É–ª—å–ø—Ç—É—Ä—ã –∞–Ω–∞–ª–æ–≥–∏—á–Ω–æ–µ  –ø—Ä–µ–∫—Ä–∞—Å–Ω–æ–µ —Ç–≤–æ—Ä–µ–Ω–∏–µ –ê–Ω–¥—Ä–µ—è –†—É–±–ª–µ–≤–∞ . [2 ] üîπ –ö–∞–º–µ–Ω—å –Ω–∞  –º–µ—Å—Ç–µ, –≥–¥–µ –ø–æ –ª–µ–≥–µ–Ω–¥–µ –±—ã–ª –æ—Å–Ω–æ–≤–∞–Ω –Ø—Ä–æ—Å–ª–∞–≤–ª—å . –ù–∞ –∫–∞–º–Ω–µ –≤—ã—Å–µ—á–µ–Ω–∞ –Ω–∞–¥–ø–∏—Å—å: ¬´–ù–∞ —ç—Ç–æ–º –º–µ—Å—Ç–µ –≤ 1010 –≥–æ–¥—É –Ø—Ä–æ—Å–ª–∞–≤ –ú—É–¥—Ä—ã–π –æ—Å–Ω–æ–≤–∞–ª –Ø—Ä–æ—Å–ª–∞–≤–ª—å¬ª. üîπ –ë–µ—Å–µ–¥–∫–∞ –Ω–∞  –ö–æ—Ç–æ—Ä–æ—Å–ª—å–Ω–æ–π –Ω–∞–±–µ—Ä–µ–∂–Ω–æ–π . üîπ –ù–∞ –Ω–∏–∂–Ω–µ–π –°—Ç—Ä–µ–ª–∫–µ —Ä–∞—Å–ø–æ–ª–æ–∂–µ–Ω—ã —Ç—Ä–∏  —Å–≤–µ—Ç–æ–º—É–∑—ã–∫–∞–ª—å–Ω—ã—Ö —Ñ–æ–Ω—Ç–∞–Ω–∞ . –í –æ–±—ã—á–Ω–æ–º —Ä–µ–∂–∏–º–µ —Ñ–æ–Ω—Ç–∞–Ω—ã —Ä–∞–±–æ—Ç–∞—é—Ç —Å–æ —Å—Ä–µ–¥—ã –ø–æ –≤–æ—Å–∫—Ä–µ—Å–µ–Ω—å–µ —Å 10 –¥–æ 21 —á–∞—Å–æ–≤, –≤ –¥–∏–Ω–∞–º–∏—á–µ—Å–∫–æ–º –∏ —Å–≤–µ—Ç–æ–º—É–∑—ã–∫–∞–ª—å–Ω–æ–º —Ä–µ–∂–∏–º–µ - —Å –ø—è—Ç–Ω–∏—Ü—ã –ø–æ –≤–æ—Å–∫—Ä–µ—Å–µ–Ω—å–µ —Å 21 –¥–æ 24 —á–∞—Å–æ–≤. üß≠  –ì–¥–µ:  –≥. –Ø—Ä–æ—Å–ª–∞–≤–ª—å, –ö–æ—Ç–æ—Ä–æ—Å–ª—å–Ω–∞—è –Ω–∞–±–µ—Ä–µ–∂–Ω–∞—è, 51 ‚åõ –ö–æ–≥–¥–∞:  –µ–∂–µ–¥–Ω–µ–≤–Ω–æ üí∞ –°—Ç–æ–∏–º–æ—Å—Ç—å:  –±–µ—Å–ø–ª–∞—Ç–Ω–æ‚†Ä –ö–∞–∫ –¥–æ–µ—Ö–∞—Ç—å –¥–æ –ø–∞—Ä–∫–∞:   üöç –ê–≤—Ç–æ–±—É—Å –æ—Å—Ç. ¬´–ü–∞—Ä–∫ 1000-–ª–µ—Ç–∏—è –≥–æ—Ä–æ–¥–∞ –Ø—Ä–æ—Å–ª–∞–≤–ª—è¬ª, ‚Ññ 18–º, 49, 72. üöé –¢—Ä–æ–ª–ª–µ–π–±—É—Å–æ—Å—Ç. ¬´–£–ª–∏—Ü–∞ –ß–∞–π–∫–æ–≤—Å–∫–æ–≥–æ¬ª, 5",https://sun9-17.userapi.com/FcOJ-QCGqELKP5hAuFGhmhg8y-D_xebDXoFIjQ/EXVwbl9KHsg.jpg,https://sun9-45.userapi.com/iQgzCGFexF9FFbkmNJPkQ9Lkp8ThZE28xZ1G4w/aKRXCY4AKVM.jpg
–ö–£–†–¶–´–ù –†–æ–º–∞–Ω –î–º–∏—Ç—Ä–∏–µ–≤–∏—á,"–ö–£–†–¶–´–ù –†–æ–º–∞–Ω –î–º–∏—Ç—Ä–∏–µ–≤–∏—á  ‚Äî –∫–∏–Ω–æ–∞–∫—Ç—ë—Ä üé¶, –≤—ã–ø—É—Å–∫–Ω–∏–∫ –Ø—Ä–æ—Å–ª–∞–≤—Å–∫–æ–≥–æ —Ç–µ–∞—Ç—Ä–∞–ª—å–Ω–æ–≥–æ üé≠ –∏–Ω—Å—Ç–∏—Ç—É—Ç–∞. –ê—Ä—Ç-–¥–∏—Ä–µ–∫—Ç–æ—Ä –∏ —Å–æ—É—á—Ä–µ–¥–∏—Ç–µ–ª—å –û–û–û ""–Ø—Ä—Ñ–∏–ª—å–º"". –ß–ª–µ–Ω –ì–∏–ª—å–¥–∏–∏ –∫–∞—Å–∫–∞–¥—ë—Ä–æ–≤ –†–æ—Å—Å–∏–∏. –ß–ª–µ–Ω –ì–∏–ª—å–¥–∏–∏ –∞–∫—Ç—ë—Ä–æ–≤ –†–æ—Å—Å–∏–∏.  –†–æ–º–∞–Ω –ö—É—Ä—Ü—ã–Ω  —Ä–æ–¥–∏–ª—Å—è 14 –º–∞—Ä—Ç–∞ 1985 –≥–æ–¥–∞ –≤ –ö–æ—Å—Ç—Ä–æ–º–µ üåÜ. –û—Ç–µ—Ü –±—ã–ª –º–∏–ª–∏—Ü–∏–æ–Ω–µ—Ä–æ–º, –º–∞—Ç—å —Ä–∞–±–æ—Ç–∞–ª–∞ –≤ —É—á–∏–ª–∏—â–µ —Ö–∏–º–∑–∞—â–∏—Ç—ã. –ö—Ä–æ–º–µ –†–æ–º–∞–Ω–∞ –≤ 1996 –≥–æ–¥—É –≤ —Å–µ–º—å–µ —Ä–æ–¥–∏–ª—Å—è –µ—â—ë –æ–¥–∏–Ω —Å—ã–Ω ‚Äî  –ê–ª–µ–∫—Å–µ–π , –∫–æ—Ç–æ—Ä—ã–π –ø–æ—Å—Ç—É–ø–∏–ª –Ω–∞ —Ä–µ–∂–∏—Å—Å—ë—Ä—Å–∫–∏–π —Ñ–∞–∫—É–ª—å—Ç–µ—Ç –∏ —Å–µ–π—á–∞—Å —Ç–∞–∫–∂–µ —Å–Ω–∏–º–∞–µ—Ç—Å—è –≤ –∫–∏–Ω–æ üé¶. –° –ø–µ—Ä–≤–æ–≥–æ –∫–ª–∞—Å—Å–∞ –†–æ–º–∞–Ω –±—ã–ª —É—á–∞—Å—Ç–Ω–∏–∫–æ–º –≤—Å–µ–≤–æ–∑–º–æ–∂–Ω—ã—Ö —à–∫–æ–ª—å–Ω—ã—Ö –∫—Ä—É–∂–∫–æ–≤, —Å–µ–∫—Ü–∏–π ü•ä, —Å—Ç—É–¥–∏–π. –ò–Ω–æ–≥–¥–∞ —ç—Ç–æ –º–µ—à–∞–ª–æ –µ–º—É —Ö–æ—Ä–æ—à–æ —É—á–∏—Ç—å—Å—è. –ù–æ –∫–∞–∫ —Ç–æ–ª—å–∫–æ –ø—Ä–∏—à–ª–æ –æ—Å–æ–∑–Ω–∞–Ω–∏–µ, —á—Ç–æ –æ–±—É—á–µ–Ω–∏–µ –≤ —à–∫–æ–ª–µ –º–æ–∂–µ—Ç –ø–æ–≤–ª–∏—è—Ç—å –Ω–∞ –µ–≥–æ –ø–æ—Å—Ç—É–ø–ª–µ–Ω–∏–µ –≤ –Ø—Ä–æ—Å–ª–∞–≤—Å–∫–∏–π –≥–æ—Å—É–¥–∞—Ä—Å—Ç–≤–µ–Ω–Ω—ã–π —Ç–µ–∞—Ç—Ä–∞–ª—å–Ω—ã–π –∏–Ω—Å—Ç–∏—Ç—É—Ç üè£, —Å—Ä–∞–∑—É –≤–∑—è–ª—Å—è –∑–∞ —É–º. –í —Ä–µ–∑—É–ª—å—Ç–∞—Ç–µ —ç—Ç–æ–≥–æ –≤ üìñ —à–∫–æ–ª—å–Ω–æ–º –∞—Ç—Ç–µ—Å—Ç–∞—Ç–µ –±—ã–ª–∏ —Ç–æ–ª—å–∫–æ —á–µ—Ç–≤—ë—Ä–∫–∏ –∏ –ø—è—Ç—ë—Ä–∫–∏. –ö—Å—Ç–∞—Ç–∏, –Ω–∞ –≤—ã–±–æ—Ä –ø—Ä–æ—Ñ–µ—Å—Å–∏–∏ –æ–∫–∞–∑–∞–ª –≤–ª–∏—è–Ω–∏–µ —Å–æ–≤–µ—Ç—Å–∫–∏–π –ø—Ä–∏–∫–ª—é—á–µ–Ω—á–µ—Å–∫–∏–π ‚öî —Ö—É–¥–æ–∂–µ—Å—Ç–≤–µ–Ω–Ω—ã–π —Ñ–∏–ª—å–º ¬´ –î‚Äô–ê—Ä—Ç–∞–Ω—å—è–Ω –∏ —Ç—Ä–∏ –º—É—à–∫–µ—Ç—ë—Ä–∞ ¬ª (1978), –ø—Ä–æ—Å–º–æ—Ç—Ä–µ–Ω–Ω—ã–π –≤ —Ä–∞–Ω–Ω–µ–º –¥–µ—Ç—Å—Ç–≤–µ. –†–æ–¥–∏—Ç–µ–ª–∏ –†–æ–º–∞–Ω–∞ –Ω–µ —Å—Ç–∞–ª–∏ –ø—Ä–µ–ø—è—Ç—Å—Ç–≤–æ–≤–∞—Ç—å —Å—ã–Ω—É, –∫–æ–≥–¥–∞ —É–∑–Ω–∞–ª–∏, —á—Ç–æ –æ–Ω —Ä–µ—à–∏–ª —Å—Ç–∞—Ç—å –∞–∫—Ç—ë—Ä–æ–º üìΩ, –ø–æ–≤–µ—Ä–∏–ª–∏ –≤ –Ω–µ–≥–æ. –ö —Ç–æ–º—É –∂–µ –æ–Ω–∏ –∑–Ω–∞–ª–∏, —á—Ç–æ –≤—Å–µ –ø–æ—Å—Ç–∞–≤–ª–µ–Ω–Ω—ã–µ –†–æ–º–∞–Ω–æ–º —Ü–µ–ª–∏ –±—É–¥—É—Ç –æ–±—è–∑–∞—Ç–µ–ª—å–Ω–æ –¥–æ—Å—Ç–∏–≥–Ω—É—Ç—ã! –í–µ–¥—å –≤ 16 –ª–µ—Ç –†–æ–º–∞–Ω —É–≤–ª–µ–∫—Å—è  –∞—Ä–º—Ä–µ—Å—Ç–ª–∏–Ω–≥–æ–º  üí™. –ò —É–∂–µ —á–µ—Ä–µ–∑ –≥–æ–¥ —Ç—Ä–µ–Ω–∏—Ä–æ–≤–æ–∫ —Å—Ç–∞–ª —á–µ–º–ø–∏–æ–Ω–æ–º –†–æ—Å—Å–∏–∏ –ø–æ —ç—Ç–æ–º—É –≤–∏–¥—É —Å–ø–æ—Ä—Ç–∞. –¢–∞–∫–∂–µ –æ–Ω –∑–∞–Ω–∏–º–∞–ª—Å—è ü§º –±–æ—Ä—å–±–æ–π, –∞—Ç–ª–µ—Ç–∏–∫–æ–π, –≥–∏–º–Ω–∞—Å—Ç–∏–∫–æ–π. –ü—Ä–∏–æ–±—Ä–µ—Ç—ë–Ω–Ω—ã–µ –≤ —Ç–æ –≤—Ä–µ–º—è —É–º–µ–Ω–∏—è –∏ –Ω–∞–≤—ã–∫–∏ –∞–∫—Ç—ë—Ä üé¨—Å —É—Å–ø–µ—Ö–æ–º –∏—Å–ø–æ–ª—å–∑—É–µ—Ç –∏ —Å–µ–≥–æ–¥–Ω—è. –í 2006 –≥–æ–¥—É –æ–∫–æ–Ω—á–∏–ª  –Ø—Ä–æ—Å–ª–∞–≤—Å–∫–∏–π –≥–æ—Å—É–¥–∞—Ä—Å—Ç–≤–µ–Ω–Ω—ã–π —Ç–µ–∞—Ç—Ä–∞–ª—å–Ω—ã–π –∏–Ω—Å—Ç–∏—Ç—É—Ç    üé≠ (—Ö—É–¥–æ–∂–µ—Å—Ç–≤–µ–Ω–Ω—ã–π —Ä—É–∫–æ–≤–æ–¥–∏—Ç–µ–ª—å ‚Äî –Ω–∞—Ä–æ–¥–Ω—ã–π –∞—Ä—Ç–∏—Å—Ç –†–æ—Å—Å–∏–∏  –ê–ª–µ–∫—Å–∞–Ω–¥—Ä –°–µ—Ä–≥–µ–µ–≤–∏—á –ö—É–∑–∏–Ω ). –° 2007 –≥–æ–¥–∞ –†–æ–º–∞–Ω –Ω–∞—á–∏–Ω–∞–µ—Ç —Å–Ω–∏–º–∞–µ—Ç—Å—è –≤ –∫–∏–Ω–æ üé• –∏ —Ç–µ–ª–µ—Å–µ—Ä–∏–∞–ª–∞—Ö. –ù–∞ —Å–µ–≥–æ–¥–Ω—è—à–Ω–∏–π –¥–µ–Ω—å —É –Ω–µ–≥–æ —É–∂–µ 69 –∫–∏–Ω–æ—Ä–∞–±–æ—Ç. –ê –Ω–µ—Å–∫–æ–ª—å–∫–æ —Ä–æ–ª–µ–π –æ—Ç–º–µ—á–µ–Ω—ã –ø—Ä–∏–∑–∞–º–∏ –≤—Å–µ—Ä–æ—Å—Å–∏–π—Å–∫–∏—Ö –∫–∏–Ω–æ—Ñ–µ—Å—Ç–∏–≤–∞–ª–µ–π üèÜ –ê –Ω–∞—á–∏–Ω–∞–ª–æ—Å—å –≤—Å–µ —Ç–∞–∫: –≤–æ –≤—Ä–µ–º—è —É—á—ë–±—ã –Ω–∞ —á–µ—Ç–≤—ë—Ä—Ç–æ–º –∫—É—Ä—Å–µ –†–æ–º–∞–Ω–∞ –ø–æ–∑–≤–∞–ª–∏ –Ω–∞ –∫–∞—Å—Ç–∏–Ω–≥ –¥–ª—è —Ç–µ–ª–µ—Å–µ—Ä–∏–∞–ª–∞ ¬´ –°–µ—Ä–µ–±—Ä–æ ¬ª, —Å—ä—ë–º–∫–∏ –∫–æ—Ç–æ—Ä–æ–π –≤–µ–ª–∞ ¬´ –°–≤–µ—Ä–¥–ª–æ–≤—Å–∫–∞—è –∫–∏–Ω–æ—Å—Ç—É–¥–∏—è ¬ª. –í —Å–∞–º–æ–º –Ω–∞—á–∞–ª–µ –µ–≥–æ –ø—Ä–∏–≥–ª–∞—à–∞–ª–∏ –Ω–∞ –≤—Ç–æ—Ä–æ—Å—Ç–µ–ø–µ–Ω–Ω—É—é üéû —Ä–æ–ª—å, –Ω–æ –æ–Ω –±—ã–ª –Ω–∞—Å—Ç–æ–ª—å–∫–æ —è—Ä–∫–∏–º –∏ —É–±–µ–¥–∏—Ç–µ–ª—å–Ω—ã–º –Ω–∞ –ø—Ä–æ–±–∞—Ö, —á—Ç–æ —Ä–µ–∂–∏—Å—Å—ë—Ä —Ä–µ—à–∏–ª –∑–∞–¥–µ–π—Å—Ç–≤–æ–≤–∞—Ç—å –µ–≥–æ –≤ —Ä–æ–ª–∏ –æ–¥–Ω–æ–≥–æ –∏–∑ —Ü–µ–Ω—Ç—Ä–∞–ª—å–Ω—ã—Ö –ø–µ—Ä—Å–æ–Ω–∞–∂–µ–π. –í —Ö–æ–¥–µ —Ä–∞–±–æ—á–µ–≥–æ –ø—Ä–æ—Ü–µ—Å—Å–∞ –∞–∫—Ç—ë—Ä —Å–∞–º –≤—ã–ø–æ–ª–Ω—è–ª –∫–∞—Å–∫–∞–¥—ë—Ä—Å–∫–∏–µ —Ç—Ä—é–∫–∏ ü§∏ –∏ –≤—Å–∫–æ—Ä–µ –ø—Ä–µ—É—Å–ø–µ–ª –≤ —ç—Ç–æ–º –¥–µ–ª–µ. –°–µ–π—á–∞—Å –∞–∫—Ç–µ—Ä —è–≤–ª—è–µ—Ç—Å—è —á–ª–µ–Ω–æ–º –ì–∏–ª—å–¥–∏–∏ –∫–∞—Å–∫–∞–¥—ë—Ä–æ–≤ –†–æ—Å—Å–∏–∏. –ò–∑–≤–µ—Å—Ç–Ω–æ—Å—Ç—å –∞–∫—Ç–µ—Ä—É –ø—Ä–∏–Ω–µ—Å–ª–∞ —Ä–æ–ª—å  –ö–æ–Ω—Å—Ç–∞–Ω—Ç–∏–Ω–∞ –û—Ä–ª–æ–≤–∞  –≤ —Ç–µ–ª–µ—Å–µ—Ä–∏–∞–ª–µ ¬´ –ú–µ—á ¬ª (¬´ –†–ï–ù –¢–í ¬ª). –ö–æ–≥–¥–∞ –æ–Ω –ø—Ä–∏—à–µ–ª –Ω–∞ –ø—Ä–æ–±—ã –¥–ª—è –ª–µ–Ω—Ç—ã ¬´–ú–µ—á¬ª üó°, —Ç–æ —Ä–µ–∂–∏—Å—Å–µ—Ä –∫–∞—Ç–µ–≥–æ—Ä–∏—á–µ—Å–∫–∏ –∑–∞—è–≤–∏–ª, —á—Ç–æ –æ–Ω –∞–±—Å–æ–ª—é—Ç–Ω–æ –Ω–µ –≥–æ–¥–∏—Ç—Å—è –¥–ª—è —ç—Ç–æ–π —Ä–æ–ª–∏. –†–æ–º–∞–Ω —Ä–µ—à–∏–ª –Ω–µ –æ–ø—É—Å–∫–∞—Ç—å —Ä—É–∫–∏, –ø—è—Ç—å —Ä–∞–∑ —É—á–∞—Å—Ç–≤–æ–≤–∞–ª –≤ –æ—Ç–±–æ—Ä–µ, –ø–æ–∫–∞–∑—ã–≤–∞–ª —É–º–µ–Ω–∏–µ –∏ –∫–∞—Å–∫–∞–¥—ë—Ä—Å–∫–∏–µ –Ω–∞–≤—ã–∫–∏. –£–ø–æ—Ä—Å—Ç–≤–æ –∞—Ä—Ç–∏—Å—Ç–∞ –±—ã–ª–æ –≤–æ–∑–Ω–∞–≥—Ä–∞–∂–¥–µ–Ω–æ ‚Äî –µ–≥–æ –≤–∑—è–ª–∏ –≤ –ø—Ä–æ–µ–∫—Ç –Ω–∞ —Ä–æ–ª—å —Å–Ω–∞–π–ø–µ—Ä–∞ üî´ –ö–æ–Ω—Å—Ç–∞–Ω—Ç–∏–Ω–∞ –û—Ä–ª–æ–≤–∞. –í—Å–∫–æ—Ä–µ –ø–æ—Å–ª–µ —ç—Ç–æ–≥–æ –†–æ–º–∞–Ω –ø–æ–ª—É—á–∏–ª –ø—Ä–∏–≥–ª–∞—à–µ–Ω–∏–µ –Ω–∞ —Å—ä—ë–º–∫–∏ –∫–∞—Ä—Ç–∏–Ω—ã ¬´ –ñ–∞–∂–¥–∞ ¬ª (2013), –∫–æ—Ç–æ—Ä–∞—è —Å—Ç–∞–ª–∞ –µ–≥–æ –ø–µ—Ä–≤—ã–º –ø–æ–ª–Ω—ã–º –º–µ—Ç—Ä–æ–º. –†–µ–∂–∏—Å—Å—ë—Ä–æ–º –ª–µ–Ω—Ç—ã –±—ã–ª –î–º–∏—Ç—Ä–∏–π –¢—é—Ä–∏–Ω. üé¶ –§–∏–ª—å–º –ø–æ–ª—É—á–∏–ª –¥–∏–ø–ª–æ–º –≤ –Ω–æ–º–∏–Ω–∞—Ü–∏–∏ ¬´–õ—É—á—à–∏–π –º—É–∂—Å–∫–æ–π –∞–Ω—Å–∞–º–±–ª—å –º–æ–ª–æ–¥—ã—Ö –∞—Ä—Ç–∏—Å—Ç–æ–≤¬ª –Ω–∞ —Ñ–µ—Å—Ç–∏–≤–∞–ª–µ ¬´ –ö–∏–Ω–æ—Ç–∞–≤—Ä ¬ª üèÜ. –°–∞–º–æ–≥–æ –†–æ–º–∞–Ω–∞ —É–¥–æ—Å—Ç–æ–∏–ª–∏ –Ω–µ—Å–∫–æ–ª—å–∫–∏–º–∏ –ø—Ä–∏–∑–∞–º–∏ –∫–∏–Ω–æ—Ñ–µ—Å—Ç–∏–≤–∞–ª–µ–π –∑–∞ –µ–≥–æ –æ–±—Ä–∞–∑ –ì–µ–Ω–∫–∏. –°–∞–º—ã–º–∏ –∑–Ω–∞—á–∏–º—ã–º–∏ –≤ –∫–∞—Ä—å–µ—Ä–µ –∞—Ä—Ç–∏—Å—Ç–∞ üé¶ —Å—Ç–∞–ª–∏ —Ç–µ–ª–µ—Å–µ—Ä–∏–∞–ª—ã ¬´ –ö–æ—Ä–∞–±–ª—å ¬ª (2014‚Äî2015), –≥–¥–µ –æ–Ω –ø–µ—Ä–µ–≤–æ–ø–ª–æ—Ç–∏–ª—Å—è –≤ –ú–∞–∫—Å–∞ –ì—Ä–∏–≥–æ—Ä—å–µ–≤–∞, –∏ ¬´ –õ–µ–Ω–∏–Ω–≥—Ä–∞–¥ 46 ¬ª (2015), —Ä–∞—Å—Å–∫–∞–∑—ã–≤–∞—é—â–µ–π –æ –±–æ—Ä—å–±–µ —Å –ø—Ä–µ—Å—Ç—É–ø–Ω–æ—Å—Ç—å—é –≤  –õ–µ–Ω–∏–Ω–≥—Ä–∞–¥–µ  –ø–æ—Å–ª–µ  –í–µ–ª–∏–∫–æ–π –û—Ç–µ—á–µ—Å—Ç–≤–µ–Ω–Ω–æ–π –≤–æ–π–Ω—ã , –≥–¥–µ –µ–≥–æ –≥–µ—Ä–æ–π ‚Äî –±–æ–∫—Å—ë—Ä ü•ä –°–µ—Ä–≥–µ–π –ü–∞–Ω–∫—Ä–∞—Ç–æ–≤. –°–µ–≥–æ–¥–Ω—è –†–æ–º–∞–Ω –ö—É—Ä—Ü—ã–Ω –∏–∑–≤–µ—Å—Ç–Ω—ã–π –∏ –≤–æ—Å—Ç—Ä–µ–±–æ–≤–∞–Ω–Ω—ã–π –∞–∫—Ç—ë—Ä, –∫–æ—Ç–æ—Ä–æ–º—É –ø–æ—Å—Ç–æ—è–Ω–Ω–æ –ø–æ—Å—Ç—É–ø–∞—é—Ç –ø—Ä–µ–¥–ª–æ–∂–µ–Ω–∏—è –ø–æ—É—á–∞—Å—Ç–≤–æ–≤–∞—Ç—å –≤ –∫–∏–Ω–æ—Å—ä—ë–º–∫–∞—Ö üé¨. –ü–æ—Å–ª–µ–¥–Ω–∏–µ –ø—Ä–æ–µ–∫—Ç—ã –†–æ–º–∞–Ω–∞ —Ä–∞–∑–Ω—ã–µ –ø–æ –∂–∞–Ω—Ä—É: –∞—Ä—Ç–∏—Å—Ç–∞ –º–æ–∂–Ω–æ —É–≤–∏–¥–µ—Ç—å –≤ –¥—Ä–∞–º–∞—Ö, –º–∏—Å—Ç–∏—á–µ—Å–∫–∏—Ö üßü‚Äç‚ôÄÔ∏è –∫–∏–Ω–æ–ª–µ–Ω—Ç–∞—Ö, –∫–æ–º–µ–¥–∏—è—Ö, –∞ —Ç–∞–∫–∂–µ –ø—Ä–∏–∫–ª—é—á–µ–Ω—á–µ—Å–∫–∏—Ö —Ñ–∏–ª—å–º–∞—Ö. –ö—Ä–æ–º–µ —Ä–∞–±–æ—Ç—ã –Ω–∞ —Å—ä—ë–º–æ—á–Ω–æ–π –ø–ª–æ—â–∞–¥–∫–µ, –†–æ–º–∞–Ω —á–∞—Å—Ç–æ –ø–æ—è–≤–ª—è–µ—Ç—Å—è –Ω–∞ üé≠ —Ç–µ–∞—Ç—Ä–∞–ª—å–Ω—ã—Ö –ø–æ–¥–º–æ—Å—Ç–∫–∞—Ö –≤ –∞–∫—Ç—ë—Ä—Å–∫–æ–º —Å–æ—Å—Ç–∞–≤–µ –Ω–µ—Å–∫–æ–ª—å–∫–∏—Ö –ø–æ—Å—Ç–∞–Ω–æ–≤–æ–∫. –û–Ω —É—Å–ø–µ–ª —Å—ã–≥—Ä–∞—Ç—å –±–æ–ª–µ–µ —á–µ–º –≤ –¥–µ—Å—è—Ç–∏ —Å–ø–µ–∫—Ç–∞–∫–ª—è—Ö üé´, —Å–∞–º—ã–º–∏ —è—Ä–∫–∏–º–∏ —Å—Ä–µ–¥–∏ –∫–æ—Ç–æ—Ä—ã—Ö —Å—Ç–∞–ª–∏ ¬´–ö–∞—Ä—É—Å–µ–ª—å –ø–æ –≥–æ—Å–ø–æ–¥–∏–Ω—É –§—Ä–µ–π–¥—É¬ª, ¬´–°—Ç—Ä–∞—Å—Ç–∏ –ø–æ–¥ –≤—è–∑–∞–º–∏¬ª, ¬´–û—á–µ–Ω—å –ø—Ä–æ—Å—Ç–∞—è –∏—Å—Ç–æ—Ä–∏—è¬ª. –ñ–µ–Ω–∞—Ç üíû –Ω–∞ –∞–∫—Ç—Ä–∏—Å–µ –ê–Ω–Ω–µ –ù–∞–∑–∞—Ä–æ–≤–æ–π (–≤–º–µ—Å—Ç–µ —É—á–∏–ª–∏—Å—å –≤ –Ø—Ä–æ—Å–ª–∞–≤—Å–∫–æ–º —Ç–µ–∞—Ç—Ä–∞–ª—å–Ω–æ–º –∏–Ω—Å—Ç–∏—Ç—É—Ç–µ), –≤ 2012 —Ä–æ–¥–∏–ª—Å—è —Å—ã–Ω. –í—Å—è —Ñ–∏–ª—å–º–æ–≥—Ä–∞—Ñ–∏—è üîπ 2020 –ë–æ–ª—å—à—É—â–∞—è –æ—Ö–æ—Ç–∞ üîπ 2020 (–ù–ï)–∏–¥–µ–∞–ª—å–Ω—ã–π –º—É–∂—á–∏–Ω–∞ –°–º–æ—Ç—Ä–µ—Ç—å —Ç—Ä–µ–π–ª–µ—Ä üîπ 2020 –ì—É–ª—è–π, –í–∞—Å—è! 2 üîπ 2020 –û–≥–æ–Ω—å –°–º–æ—Ç—Ä–µ—Ç—å —Ç—Ä–µ–π–ª–µ—Ä üîπ 2019 –ë–∞–±—É—à–∫–∞ –ª–µ–≥–∫–æ–≥–æ –ø–æ–≤–µ–¥–µ–Ω–∏—è 2–°–º–æ—Ç—Ä–µ—Ç—å –æ–Ω–ª–∞–π–Ω –°–º–æ—Ç—Ä–µ—Ç—å —Ç—Ä–µ–π–ª–µ—Ä üîπ 2019 –°–µ–º—å —É–∂–∏–Ω–æ–≤–°–º–æ—Ç—Ä–µ—Ç—å –æ–Ω–ª–∞–π–Ω –°–º–æ—Ç—Ä–µ—Ç—å —Ç—Ä–µ–π–ª–µ—Ä üîπ 2019 –£—Å–ø–µ—Ö –°–º–æ—Ç—Ä–µ—Ç—å —Ç—Ä–µ–π–ª–µ—Ä üîπ 2019 –ë–æ–ª–µ–≤–æ–π –ø–æ—Ä–æ–≥ –°–º–æ—Ç—Ä–µ—Ç—å —Ç—Ä–µ–π–ª–µ—Ä üîπ 2018 –í—Å—ë –∏–ª–∏ –Ω–∏—á–µ–≥–æ–°–º–æ—Ç—Ä–µ—Ç—å –æ–Ω–ª–∞–π–Ω –°–º–æ—Ç—Ä–µ—Ç—å —Ç—Ä–µ–π–ª–µ—Ä üîπ 2018 –Ø —Ö—É–¥–µ—é–°–º–æ—Ç—Ä–µ—Ç—å –æ–Ω–ª–∞–π–Ω –°–º–æ—Ç—Ä–µ—Ç—å —Ç—Ä–µ–π–ª–µ—Ä üîπ 2018 –ñ–µ–ª—Ç—ã–π –≥–ª–∞–∑ —Ç–∏–≥—Ä–∞–°–º–æ—Ç—Ä–µ—Ç—å –æ–Ω–ª–∞–π–Ω –°–º–æ—Ç—Ä–µ—Ç—å —Ç—Ä–µ–π–ª–µ—Ä üîπ 2018 –í–µ—á–Ω–∞—è –∂–∏–∑–Ω—å –ê–ª–µ–∫—Å–∞–Ω–¥—Ä–∞ –•—Ä–∏—Å—Ç–æ—Ñ–æ—Ä–æ–≤–∞–°–º–æ—Ç—Ä–µ—Ç—å –æ–Ω–ª–∞–π–Ω –°–º–æ—Ç—Ä–µ—Ç—å —Ç—Ä–µ–π–ª–µ—Ä üîπ 2017 –î–µ—Ç–∫–∏ –Ω–∞–ø—Ä–æ–∫–∞—Ç –°–º–æ—Ç—Ä–µ—Ç—å —Ç—Ä–µ–π–ª–µ—Ä üîπ 2017 –ü—è—Ç—å –º–∏–Ω—É—Ç —Ç–∏—à–∏–Ω—ã –°–º–æ—Ç—Ä–µ—Ç—å —Ç—Ä–µ–π–ª–µ—Ä üîπ 2017 –ü—Ä–æ—Å–ø–µ–∫—Ç –û–±–æ—Ä–æ–Ω—ã üîπ 2017 –ì—É–ª—è–π, –í–∞—Å—è!–°–º–æ—Ç—Ä–µ—Ç—å –æ–Ω–ª–∞–π–Ω –°–º–æ—Ç—Ä–µ—Ç—å —Ç—Ä–µ–π–ª–µ—Ä üîπ 2017 –ö—Ä—ã–º –°–º–æ—Ç—Ä–µ—Ç—å —Ç—Ä–µ–π–ª–µ—Ä üîπ 2017 –ë–æ–ª—å—à–∏–µ –¥–µ–Ω—å–≥–∏ –°–º–æ—Ç—Ä–µ—Ç—å —Ç—Ä–µ–π–ª–µ—Ä üîπ 2016 –ë–µ–ª–æ–≤–æ–¥—å–µ. –¢–∞–π–Ω–∞ –∑–∞—Ç–µ—Ä—è–Ω–Ω–æ–π —Å—Ç—Ä–∞–Ω—ã–°–º–æ—Ç—Ä–µ—Ç—å –æ–Ω–ª–∞–π–Ω –°–º–æ—Ç—Ä–µ—Ç—å —Ç—Ä–µ–π–ª–µ—Ä üîπ 2016 –ù–µ–≤–∞–ª—è—à–∫–∞–°–º–æ—Ç—Ä–µ—Ç—å –æ–Ω–ª–∞–π–Ω üîπ 2015 –ü—Ä–∏–Ω—Ü–µ—Å—Å–∞ —Å –°–µ–≤–µ—Ä–∞–°–º–æ—Ç—Ä–µ—Ç—å –æ–Ω–ª–∞–π–Ω üîπ 2015 –û—Ñ–∏—Ü–µ—Ä—Å–∫–∏–µ –∂–µ–Ω—ã–°–º–æ—Ç—Ä–µ—Ç—å –æ–Ω–ª–∞–π–Ω üîπ 2014 –ö–æ—Ä–∞–±–ª—å üîπ 2013 –î—É—Ä–Ω–∞—è –∫—Ä–æ–≤—å–°–º–æ—Ç—Ä–µ—Ç—å –æ–Ω–ª–∞–π–Ω –°–º–æ—Ç—Ä–µ—Ç—å —Ç—Ä–µ–π–ª–µ—Ä üîπ 2013 –ö–∞–∫ –≤—ã–π—Ç–∏ –∑–∞–º—É–∂ –∑–∞ –º–∏–ª–ª–∏–æ–Ω–µ—Ä–∞ 2–°–º–æ—Ç—Ä–µ—Ç—å –æ–Ω–ª–∞–π–Ω üîπ 2013 –ñ–∞–∂–¥–∞–°–º–æ—Ç—Ä–µ—Ç—å –æ–Ω–ª–∞–π–Ω –°–º–æ—Ç—Ä–µ—Ç—å —Ç—Ä–µ–π–ª–µ—Ä üîπ 2012 –ë–µ–¥–Ω—ã–µ —Ä–æ–¥—Å—Ç–≤–µ–Ω–Ω–∏–∫–∏–°–º–æ—Ç—Ä–µ—Ç—å –æ–Ω–ª–∞–π–Ω üîπ 2012 –ü–æ–∫–∞ —Ü–≤–µ—Ç–µ—Ç –ø–∞–ø–æ—Ä–æ—Ç–Ω–∏–∫–°–º–æ—Ç—Ä–µ—Ç—å –æ–Ω–ª–∞–π–Ω –°–º–æ—Ç—Ä–µ—Ç—å —Ç—Ä–µ–π–ª–µ—Ä üîπ 2012 –ö–∞–∫ –≤—ã–π—Ç–∏ –∑–∞–º—É–∂ –∑–∞ –º–∏–ª–ª–∏–æ–Ω–µ—Ä–∞–°–º–æ—Ç—Ä–µ—Ç—å –æ–Ω–ª–∞–π–Ω üîπ 2011 –ú–æ—Ä–ø–µ—Ö–∏–°–º–æ—Ç—Ä–µ—Ç—å –æ–Ω–ª–∞–π–Ω üîπ 2010 –Ø—Ä–æ—Å–ª–∞–≤. –¢—ã—Å—è—á—É –ª–µ—Ç –Ω–∞–∑–∞–¥ üîπ 2009 –ú–µ—á üîπ 2008 –°—á–∞—Å—Ç–ª–∏–≤–æ–≥–æ –ø—É—Ç–∏–°–º–æ—Ç—Ä–µ—Ç—å –æ–Ω–ª–∞–π–Ω",https://sun9-8.userapi.com/XSp4OZK8gDv2Rjv-C4yl8R4qPlM4IbzlMY-HDQ/KLhWISBc0vA.jpg,https://sun9-56.userapi.com/gbUVBX-_n4OZroKT72Jgz4odMstrUG-H_x-tVg/w_T9KD9WyHo.jpg
 –¢–ï–ê–¢–† –ö–ê–°–ö–ê–î–Å–†–û–í ¬´–Ø–†–§–ò–õ–¨–ú¬ª,"–¢–ï–ê–¢–† –ö–ê–°–ö–ê–î–Å–†–û–í ¬´–Ø–†–§–ò–õ–¨–ú¬ª  ‚Äî —ç—Ç–æ —Ç–µ–∞—Ç—Ä üé≠, –ø–æ—è–≤–∏–≤—à–∏–π—Å—è –≤ 2006 –≥–æ–¥—É –Ω–∞ –±–∞–∑–µ –∫–∏–Ω–æ–∫–æ–º–ø–∞–Ω–∏–∏ ""–Ø—Ä—Ñ–∏–ª—å–º"". –ê–≤—Ç–æ—Ä–æ–º –∏–¥–µ–∏ —Å–æ–∑–¥–∞–Ω–∏—è —ç—Ç–æ–≥–æ —Ç–µ–∞—Ç—Ä–∞ —è–≤–∏–ª–∏—Å—å –ê–Ω–∞—Ç–æ–ª–∏–π –§–µ–Ω–æ—á–∫–æ (–≤ —Ç–æ –≤—Ä–µ–º—è –æ–Ω –±—ã–ª –∑–∞–º. –¥–∏—Ä–µ–∫—Ç–æ—Ä–∞ –û–û–û ""–Ø—Ä—Ñ–∏–ª—å–º"") –∏ –µ–≥–æ –ª—É—á—à–∏–π –¥—Ä—É–≥ - –∞–∫—Ç—ë—Ä  –†–æ–º–∞–Ω –ö—É—Ä—Ü—ã–Ω . –û–Ω–∏ –≤–º–µ—Å—Ç–µ –ø—Ä–æ—Ö–æ–¥–∏–ª–∏ –æ–±—É—á–µ–Ω–∏–µ –≤ —Ç–µ–∞—Ç—Ä–∞–ª—å–Ω–æ–º –í–£–ó–µ, —Ç—Ä–µ–Ω–∏—Ä–æ–≤–∞–ª–∏—Å—å, —É—á–∞—Å—Ç–≤–æ–≤–∞–ª–∏ –≤ –∫–∏–Ω–æ—Å—ä—ë–º–∫–∞—Ö üé•, –∏–∑—É—á–∞–ª–∏ –∫–∞—Å–∫–∞–¥—ë—Ä—Å–∫–æ–µ –∏—Å–∫—É—Å—Å—Ç–≤–æ. –í–æ –≤—Ä–µ–º—è —Ä–∞–∑–≤–∏—Ç–∏—è –∏—Ö —ç–∫—Å—Ç—Ä–µ–º–∞–ª—å–Ω–æ–π –¥–µ—è—Ç–µ–ª—å–Ω–æ—Å—Ç–∏ —É –Ω–∏—Ö –ø–æ—è–≤–ª—è–ª–∏—Å—å –Ω–æ–≤—ã–µ –¥—Ä—É–∑—å—è, –∞ –ø–æ –ø—Ä–∏—Ö–æ–¥—É –≤ –∫–æ–ª–ª–µ–∫—Ç–∏–≤ —Ç–µ–∞—Ç—Ä–∞ –ø–æ–ø—É–ª—è—Ä–Ω–æ–≥–æ —Ü–∏—Ä–∫–æ–≤–æ–≥–æ –∞—Ä—Ç–∏—Å—Ç–∞ üé™ –ê–ª–µ–∫—Å–∞–Ω–¥—Ä–∞ –ó–µ–ª–µ–Ω–æ–≤–∞ —É–≤–µ–ª–∏—á–∏–ª—Å—è —Ä–µ–ø–µ—Ä—Ç—É–∞—Ä, –±–ª–∞–≥–æ–¥–∞—Ä—è –∫–æ—Ç–æ—Ä–æ–º—É –±—ã–ª —Å—Ñ–æ—Ä–º–∏—Ä–æ–≤–∞–Ω –Ω–æ–≤—ã–π  –∫–∞—Å–∫–∞–¥—ë—Ä—Å–∫–∏–π —Ç–µ–∞—Ç—Ä ‚Äì ¬´–Ø—Ä—Ñ–∏–ª—å–º¬ª . –° 2006 –≥. —Å–æ—Å—Ç–∞–≤ —Ç–µ–∞—Ç—Ä–∞ —É–≤–µ–ª–∏—á–∏–ª—Å—è —Å —á–µ—Ç—ã—Ä—ë—Ö –¥–æ —Ç—Ä–∏–¥—Ü–∞—Ç–∏ —á–µ–ª–æ–≤–µ–∫. –í —Ç—Ä—É–ø–ø—É –≤–æ—à–ª–∏ —Å–ø–æ—Ä—Ç—Å–º–µ–Ω—ã –∏ –∞—Ä—Ç–∏—Å—Ç—ã –≤—ã—Å–æ–∫–æ–≥–æ —É—Ä–æ–≤–Ω—è –∏ —Ä–∞–∑–Ω—ã—Ö –æ—Ç—Ä–∞—Å–ª–µ–π –¥–µ—è—Ç–µ–ª—å–Ω–æ—Å—Ç–∏ (–≤–æ—Å—Ç–æ—á–Ω—ã–µ –µ–¥–∏–Ω–æ–±–æ—Ä—Å—Ç–≤–∞, –∞–∫—Ä–æ–±–∞—Ç–∏–∫–∞, –±—Ä–µ–π–∫-–¥–∞–Ω—Å, —Å–ø–æ—Ä—Ç–∏–≤–Ω–∞—è –≥–∏–º–Ω–∞—Å—Ç–∏–∫–∞, –Ω–∞—Ä–æ–¥–Ω—ã–µ —Ç–∞–Ω—Ü—ã –∏ —Ç.–¥.), –∫–æ—Ç–æ—Ä—ã—Ö –æ–±—ä–µ–¥–∏–Ω—è–ª–æ —á—É–≤—Å—Ç–≤–æ –ª—é–±–≤–∏ –∫ —Ç–µ–∞—Ç—Ä—É üé≠ –∏ –∫–∏–Ω–æ. –°–µ–≥–æ–¥–Ω—è –∞–∫—Ç—ë—Ä—ã —ç—Ç–æ–≥–æ —Ç–µ–∞—Ç—Ä–∞ –∏–º–µ—é—Ç —Ç–µ–∞—Ç—Ä–∞–ª—å–Ω–æ–µ –æ–±—Ä–∞–∑–æ–≤–∞–Ω–∏–µ, –∞ —Å 2010 –≥–æ–¥–∞ –≤ –Ø–ì–¢–ò –æ—Ç–∫—Ä—ã–ª—Å—è —Ñ–∞–∫—É–ª—å—Ç–µ—Ç –∫–∞—Å–∫–∞–¥—ë—Ä—Å–∫–æ–≥–æ –º–∞—Å—Ç–µ—Ä—Å—Ç–≤–∞. –•—É–¥–æ–∂–µ—Å—Ç–≤–µ–Ω–Ω—ã–º —Ä—É–∫–æ–≤–æ–¥–∏—Ç–µ–ª–µ–º, –ø–æ—Å—Ç–∞–Ω–æ–≤—â–∏–∫–æ–º —Ç—Ä—é–∫–æ–≤ —è–≤–ª—è–µ—Ç—Å—è –í–∞—Å–∏–ª–∏–π –®–ª—ã–∫–æ–≤, –ø–æ–ø—É–ª—è—Ä–Ω—ã–π –∫–∞—Å–∫–∞–¥—ë—Ä –∏ –∞–∫—Ç—ë—Ä, –≤—Ö–æ–¥—è—â–∏–π –≤ —á–∏—Å–ª–æ –æ—Å–Ω–æ–≤–æ–ø–æ–ª–æ–∂–Ω–∏–∫–æ–≤ –ì–∏–ª—å–¥–∏–∏ –ö–∞—Å–∫–∞–¥—ë—Ä–æ–≤ –†–æ—Å—Å–∏–∏ ü•ã . –ë–ª–∞–≥–æ–¥–∞—Ä—è —É—Å–∏–ª–µ–Ω–Ω–æ–π –ø–æ–¥–≥–æ—Ç–æ–≤–∫–µ –∞—Ä—Ç–∏—Å—Ç–æ–≤ —Ç–µ–∞—Ç—Ä–∞ –∫–∞—Å–∫–∞–¥—ë—Ä–æ–≤ –ø–æ–ø—É–ª—è—Ä–Ω–æ—Å—Ç—å —Ç–µ–∞—Ç—Ä–∞ —Ä–∞—Å—Ç—ë—Ç –µ–∂–µ–¥–Ω–µ–≤–Ω–æ: –∞–∫—Ç—ë—Ä—ã —Ç–µ–∞—Ç—Ä–∞ üé≠ —Å–æ–∑–¥–∞–ª–∏ –æ–∫–æ–ª–æ 20 —Å–ø–µ–∫—Ç–∞–∫–ª–µ–π, –∫–æ–Ω—Ü–µ—Ä—Ç–æ–≤ –∏ —à–æ—É.  –ê—Ä—Ç–∏—Å—Ç–æ–≤ —Ç–µ–∞—Ç—Ä–∞ —á–∞—Å—Ç–æ –ø—Ä–∏–≥–ª–∞—à–∞—é—Ç –ø–æ–ø—É–ª—è—Ä–Ω—ã–µ —Ä–µ–∂–∏—Å—Å—ë—Ä—ã –¥–ª—è —Å—ä—ë–º–æ–∫ –≤ –∫–∏–Ω–æ (–±–æ–ª–µ–µ 200 –∫–∞—Ä—Ç–∏–Ω, –≤ –∫–æ—Ç–æ—Ä—ã—Ö –∞–∫—Ç—ë—Ä—ã —Å–Ω–∏–º–∞–ª–∏—Å—å üé¶ –≤ –∫–∞—á–µ—Å—Ç–≤–µ –∞–∫—Ç—ë—Ä–æ–≤, –∫–∞—Å–∫–∞–¥—ë—Ä–æ–≤, —Å–Ω–∏–º–∞–ª–∏—Å—å –≤ –≥–ª–∞–≤–Ω—ã—Ö —Ä–æ–ª—è—Ö), —Ç–∞–∫–∂–µ –æ–Ω–∏ —É—á–∞—Å—Ç–≤—É—é—Ç –≤ –∫–æ–Ω—Ü–µ—Ä—Ç–∞—Ö –∑–≤—ë–∑–¥, —Ç–µ–ª–µ—à–æ—É –Ω–∞ –≥–ª–∞–≤–Ω—ã—Ö –∫–∞–Ω–∞–ª–∞—Ö –∏ –≤ –¥—Ä—É–≥–∏—Ö –ø—Ä–µ–¥—Å—Ç–∞–≤–ª–µ–Ω–∏—è—Ö. –ö—Ä–æ–º–µ —Å–ø–µ–∫—Ç–∞–∫–ª–µ–π, —Ç–µ–∞—Ç—Ä –ø—Ä–µ–¥–ª–∞–≥–∞–µ—Ç: üî∏ –û–≥–Ω–µ–Ω–Ω–æ - –ø–∏—Ä–æ—Ç–µ—Ö–Ω–∏—á–µ—Å–∫–æ–µ —à–æ —É;üî∏ –ü–∏—Ä–æ–º—É–∑—ã–∫–∞–ª—å–Ω—ã–µ —Å–∞–ª —é—Ç—ã;üî∏ –ü–∏—Ä–æ—Ç–µ—Ö–Ω–∏—á–µ—Å–∫–æ–µ –æ—Ñ–æ—Ä–º –ª–µ–Ω–∏–µ;üî∏ –û–≥–Ω–µ–Ω–Ω—ã–µ- –ü–∏—Ä–æ—Ç–µ—Ö–Ω–∏—á–µ—Å–∫–∏–µ  –Ω–∞–¥–ø–∏—Å–∏;üî∏ –ù–µ–æ–Ω–æ–≤–æ–µ —à–æ—É, —Å–≤–µ —Ç–æ–≤–æ–µ —à–æ—É;üî∏ –¶–∏—Ä–∫–æ–≤—ã–µ, –û—Ä–∏–≥–∏–Ω–∞–ª —å–Ω—ã–µ –Ω–æ–º–µ—Ä–∞;üî∏ –¢–∞–Ω—Ü–µ–≤ –∞–ª—å–Ω—ã–µ –Ω–æ–º–µ —Ä–∞;üî∏ –ê–Ω–∏–º–∞—Ü–∏ —è;üî∏ –°–∏–ª–æ–≤–æ–µ —à–æ—É;üî∏ –°–Ω–µ–π–∫ —à–æ—É (–†–∞–±–æ—Ç–∞ —Å–æ –∑–º–µ—è–º–∏). üß≠  –ì–¥–µ:  –≥. –Ø—Ä–æ—Å–ª–∞–≤–ª—å, –ø—Ä-—Ç –õ–µ–Ω–∏–Ω–∞, 24–∞ (–î–ö - –ò–º. –î–æ–±—Ä—ã–Ω–∏–Ω–∞) ‚åõ –ö–æ–≥–¥–∞:  –∏–Ω—Ñ–æ—Ä–º–∞—Ü–∏—è –ø–æ üìû ‚òé  –ö–æ–Ω—Ç–∞–∫—Ç—ã:  +7 (903) 646-74-67; +7-961-974-37-61; +7 (915) 970-35-06 üíª –°–∞–π—Ç:   https://www.yarfilm.com /",https://sun9-58.userapi.com/NjSuq5udVl_uY4VBvQlRKt9y4d9ALaxb-bMqJg/_r9Hn9zodVA.jpg,https://sun9-3.userapi.com/XaZCvykj0yxcCQ6TSewyKcj6dZ7Cxz__C_D2Jw/4noMB6L82j0.jpg
–ú—É–∑–µ–π —Ä–∞—Ç–Ω–æ–π –∏—Å—Ç–æ—Ä–∏–∏ –Ø—Ä–æ—Å–ª–∞–≤–ª—è,"–ú—É–∑–µ–π –†–∞—Ç–Ω–æ–π –ò—Å—Ç–æ—Ä–∏–∏ –Ø—Ä–æ—Å–ª–∞–≤–ª—è  –æ—Ç–∫—Ä—ã–ª—Å—è üóù —Å–æ–≤—Å–µ–º –Ω–µ–¥–∞–≤–Ω–æ, –Ω–æ —É–∂–µ –ø—Ä–æ–≤–æ–¥–∏—Ç —ç–∫—Å–∫—É—Ä—Å–∏–∏ –¥–ª—è –æ—Ä–≥–∞–Ω–∏–∑–æ–≤–∞–Ω–Ω—ã—Ö –≥—Ä—É–ø–ø.  –£—Ç–≤–∞—Ä—å üè∫ , –ø—Ä–µ–¥–º–µ—Ç—ã –±—ã—Ç–∞, –æ—Ä—É–∂–∏–µ, –¥–æ—Å–ø–µ—Ö–∏ –∏ —Ä–µ–º–µ—Å–ª–∞. –í—Å–µ —ç—Ç–æ –≤ —Ñ–æ—Ä–º–∞—Ç–µ ‚Äú–∂–∏–≤–∞—è –∏—Å—Ç–æ—Ä–∏—è‚Äù. –í –æ—Å–Ω–æ–≤–µ —ç–∫—Å–∫—É—Ä—Å–∏–π –ª–µ–∂–∞—Ç —Ç–æ—á–Ω—ã–µ –∫–æ–ø–∏–∏ –≤–µ—â–µ–π –∏ –∫–æ—Å—Ç—é–º–æ–≤ ü•ã —Å—Ç–∞—Ä–∏–Ω—ã, –∏ –∏—Ö –º–æ–∂–Ω–æ –ø–æ—Ç—Ä–æ–≥–∞—Ç—å, –∏—Å–ø–æ–ª—å–∑–æ–≤–∞—Ç—å, –ø—Ä–∏–º–µ—Ä–∏—Ç—å.  –í–∞–º –ø—Ä–µ–¥–ª–∞–≥–∞–µ—Ç—Å—è –º–∏–Ω–∏–º—É–º —Å–∫—É—á–Ω–æ–π –∏–Ω—Ñ–æ—Ä–º–∞—Ü–∏–∏ –ø—Ä–æ –¥–∞—Ç—ã, –º–∞–∫—Å–∏–º—É–º —ç–º–æ—Ü–∏–π, –∏–Ω—Ç–µ—Ä–µ—Å–Ω—ã—Ö –º–∞—Å—Ç–µ—Ä-–∫–ª–∞—Å—Å–æ–≤, –±–æ–µ–≤ üèπ üõ° üó° –Ω–∞ –±–µ–∑–æ–ø–∞—Å–Ω—ã—Ö –º—É–ª—è–∂–∞—Ö –æ—Ä—É–∂–∏—è –∏ –≤–µ—Å–µ–ª—ã—Ö –≤–∏–∫—Ç–æ—Ä–∏–Ω.  –í –º—É–∑–µ–µ —Ä–∞—Ç–Ω–æ–π –∏—Å—Ç–æ—Ä–∏–∏ –≤—ã –ø–æ—á—É–≤—Å—Ç–≤—É–µ—Ç–µ —Å–µ–±—è –≥–µ—Ä–æ–µ–º —ç–ø–æ—Ö–∏ –≤ –Ω–∞—Å—Ç–æ—è—â–µ–º –ø—É—Ç–µ—à–µ—Å—Ç–≤–∏–∏ –≤–æ –≤—Ä–µ–º–µ–Ω–∏ üëí üé© ! –í–∞—Å –Ω–∞—É—á–∞—Ç –ø–∏—Å–∞—Ç—å –Ω–∞ –±–µ—Ä–µ—Å—Ç–µ –∏ —Å—Ç—Ä–µ–ª—è—Ç—å –∏–∑ –ø—É—à–∫–∏. –ö –ê –∫–∞–∫ –Ω–∞—Å—á–µ—Ç –ø–∏—Ä–∞ —É –∫–Ω—è–∑—è –∏–ª–∏ —Ä—ã—Ü–∞—Ä—Å–∫–∏–π —Ç—É—Ä–Ω–∏—Ä? –ß–¢–û –ï–°–¢–¨ –í –ú–£–ó–ï–ï: üî∏ —ç–∫—Å–∫—É—Ä—Å–æ–≤–æ–¥—ã, –≤–ª—é–±–ª–µ–Ω–Ω—ã–µ –≤ —Å–≤–æ–∏ —ç–ø–æ—Ö–∏, –≤ –∏—Å—Ç–æ—Ä–∏—á–µ—Å–∫–∏—Ö –∫–æ—Å—Ç—é–º–∞—Ö (–Ω–µ –ø–µ—Ç—Ä—É—à–∫–∏, –∞ —Ä–µ–∫–æ–Ω—Å—Ç—Ä—É–∫—Ü–∏—è!); üî∏ 3 –∏—Å—Ç–æ—Ä–∏—á–µ—Å–∫–∏—Ö –ø–µ—Ä–∏–æ–¥–∞ –∏—Å—Ç–æ—Ä–∏–∏; üî∏ –±–æ–ª–µ–µ 300 —ç–∫—Å–ø–æ–Ω–∞—Ç–æ–≤ (–æ—Ç –≤—Ä–µ–º–µ–Ω –î—Ä–µ–≤–Ω–µ–π –†—É—Å–∏ –¥–æ –°–º—É—Ç–Ω–æ–≥–æ –≤—Ä–µ–º–µ–Ω–∏). üß≠  –ì–¥–µ:  –≥. –Ø—Ä–æ—Å–ª–∞–≤–ª—å, –û–∫—Ç—è–±—Ä—å—Å–∫–∏–π –ø–µ—Ä–µ—É–ª–æ–∫, 3; ‚åõ –ö–æ–≥–¥–∞:  —Å 10:00 –¥–æ 18:00 –±–µ–∑ –≤—ã—Ö–æ–¥–Ω—ã—Ö, –æ–±–µ–¥ —Å 14:00 –¥–æ 14:30 ‚òé  –ö–æ–Ω—Ç–∞–∫—Ç—ã:  89201135754 üíª –°–∞–π—Ç:   https://castle.moscow/  ",https://sun9-42.userapi.com/84_eePUKxJsqzNxzOL_d8sl10Lo4_T-9Df93Rg/WMrKRDlOX-Q.jpg,https://sun9-39.userapi.com/vB5E45Du1giT_UHHKyiQnbARC4necOGQhN_G0g/2aFj3mDIHJI.jpg
